--
-- PostgreSQL database dump
--

-- Dumped from database version 10.12 (Ubuntu 10.12-0ubuntu0.18.04.1)
-- Dumped by pg_dump version 10.12 (Ubuntu 10.12-0ubuntu0.18.04.1)

SET statement_timeout = 0;
SET lock_timeout = 0;
SET idle_in_transaction_session_timeout = 0;
SET client_encoding = 'UTF8';
SET standard_conforming_strings = on;
SELECT pg_catalog.set_config('search_path', '', false);
SET check_function_bodies = false;
SET xmloption = content;
SET client_min_messages = warning;
SET row_security = off;

ALTER TABLE ONLY public.tickets DROP CONSTRAINT tickets_fk7;
ALTER TABLE ONLY public.tickets DROP CONSTRAINT tickets_fk6;
ALTER TABLE ONLY public.tickets DROP CONSTRAINT tickets_fk5;
ALTER TABLE ONLY public.tickets DROP CONSTRAINT tickets_fk4;
ALTER TABLE ONLY public.tickets DROP CONSTRAINT tickets_fk3;
ALTER TABLE ONLY public.tickets DROP CONSTRAINT tickets_fk2;
ALTER TABLE ONLY public.tickets DROP CONSTRAINT tickets_fk1;
ALTER TABLE ONLY public.tickets DROP CONSTRAINT tickets_fk0;
ALTER TABLE ONLY public.interactions DROP CONSTRAINT interactions_fk0;
ALTER TABLE ONLY public.interactions DROP CONSTRAINT "interactions_customerId_fkey";
ALTER TABLE ONLY public.customers DROP CONSTRAINT customers_fk0;
ALTER TABLE ONLY public.users DROP CONSTRAINT users_pk;
ALTER TABLE ONLY public.tickets DROP CONSTRAINT tickets_pk;
ALTER TABLE ONLY public."ticketStatus" DROP CONSTRAINT "ticketStatus_pk";
ALTER TABLE ONLY public."ticketPriority" DROP CONSTRAINT "ticketPriority_pk";
ALTER TABLE ONLY public.interactions DROP CONSTRAINT interactions_pk;
ALTER TABLE ONLY public.users DROP CONSTRAINT email_unique;
ALTER TABLE ONLY public.customers DROP CONSTRAINT customers_pk;
ALTER TABLE public.users ALTER COLUMN "userId" DROP DEFAULT;
ALTER TABLE public.tickets ALTER COLUMN "ticketId" DROP DEFAULT;
ALTER TABLE public."ticketStatus" ALTER COLUMN "statusId" DROP DEFAULT;
ALTER TABLE public."ticketPriority" ALTER COLUMN "priorityId" DROP DEFAULT;
ALTER TABLE public.interactions ALTER COLUMN notes DROP DEFAULT;
ALTER TABLE public.interactions ALTER COLUMN "interactionId" DROP DEFAULT;
ALTER TABLE public.customers ALTER COLUMN "customerId" DROP DEFAULT;
DROP SEQUENCE public."users_userId_seq";
DROP TABLE public.users;
DROP SEQUENCE public."tickets_ticketId_seq";
DROP TABLE public.tickets;
DROP SEQUENCE public."ticketStatus_statusId_seq";
DROP TABLE public."ticketStatus";
DROP SEQUENCE public."ticketPriority_priorityId_seq";
DROP TABLE public."ticketPriority";
DROP SEQUENCE public.interactions_notes_seq;
DROP SEQUENCE public."interactions_interactionId_seq";
DROP TABLE public.interactions;
DROP SEQUENCE public."customers_customerId_seq";
DROP TABLE public.customers;
DROP EXTENSION plpgsql;
DROP SCHEMA public;
--
-- Name: public; Type: SCHEMA; Schema: -; Owner: -
--

CREATE SCHEMA public;


--
-- Name: SCHEMA public; Type: COMMENT; Schema: -; Owner: -
--

COMMENT ON SCHEMA public IS 'standard public schema';


--
-- Name: plpgsql; Type: EXTENSION; Schema: -; Owner: -
--

CREATE EXTENSION IF NOT EXISTS plpgsql WITH SCHEMA pg_catalog;


--
-- Name: EXTENSION plpgsql; Type: COMMENT; Schema: -; Owner: -
--

COMMENT ON EXTENSION plpgsql IS 'PL/pgSQL procedural language';


SET default_tablespace = '';

SET default_with_oids = false;

--
-- Name: customers; Type: TABLE; Schema: public; Owner: -
--

CREATE TABLE public.customers (
    "customerId" integer NOT NULL,
    "firstName" text NOT NULL,
    "lastName" text NOT NULL,
    "companyName" text NOT NULL,
    "jobTitle" text NOT NULL,
    "phoneNumber" text NOT NULL,
    email text NOT NULL,
    "addressStreet" text NOT NULL,
    "addressCity" text NOT NULL,
    "addressState" text NOT NULL,
    "addressZip" text NOT NULL,
    "repId" integer NOT NULL,
    "imagePath" text
);


--
-- Name: customers_customerId_seq; Type: SEQUENCE; Schema: public; Owner: -
--

CREATE SEQUENCE public."customers_customerId_seq"
    AS integer
    START WITH 1
    INCREMENT BY 1
    NO MINVALUE
    NO MAXVALUE
    CACHE 1;


--
-- Name: customers_customerId_seq; Type: SEQUENCE OWNED BY; Schema: public; Owner: -
--

ALTER SEQUENCE public."customers_customerId_seq" OWNED BY public.customers."customerId";


--
-- Name: interactions; Type: TABLE; Schema: public; Owner: -
--

CREATE TABLE public.interactions (
    "interactionId" integer NOT NULL,
    type text NOT NULL,
    notes text NOT NULL,
    "userId" integer NOT NULL,
    "customerId" integer NOT NULL,
    "timeCreated" timestamp(6) with time zone
);


--
-- Name: interactions_interactionId_seq; Type: SEQUENCE; Schema: public; Owner: -
--

CREATE SEQUENCE public."interactions_interactionId_seq"
    AS integer
    START WITH 1
    INCREMENT BY 1
    NO MINVALUE
    NO MAXVALUE
    CACHE 1;


--
-- Name: interactions_interactionId_seq; Type: SEQUENCE OWNED BY; Schema: public; Owner: -
--

ALTER SEQUENCE public."interactions_interactionId_seq" OWNED BY public.interactions."interactionId";


--
-- Name: interactions_notes_seq; Type: SEQUENCE; Schema: public; Owner: -
--

CREATE SEQUENCE public.interactions_notes_seq
    AS integer
    START WITH 1
    INCREMENT BY 1
    NO MINVALUE
    NO MAXVALUE
    CACHE 1;


--
-- Name: interactions_notes_seq; Type: SEQUENCE OWNED BY; Schema: public; Owner: -
--

ALTER SEQUENCE public.interactions_notes_seq OWNED BY public.interactions.notes;


--
-- Name: ticketPriority; Type: TABLE; Schema: public; Owner: -
--

CREATE TABLE public."ticketPriority" (
    "priorityId" integer NOT NULL,
    name text NOT NULL,
    level integer NOT NULL
);


--
-- Name: ticketPriority_priorityId_seq; Type: SEQUENCE; Schema: public; Owner: -
--

CREATE SEQUENCE public."ticketPriority_priorityId_seq"
    AS integer
    START WITH 1
    INCREMENT BY 1
    NO MINVALUE
    NO MAXVALUE
    CACHE 1;


--
-- Name: ticketPriority_priorityId_seq; Type: SEQUENCE OWNED BY; Schema: public; Owner: -
--

ALTER SEQUENCE public."ticketPriority_priorityId_seq" OWNED BY public."ticketPriority"."priorityId";


--
-- Name: ticketStatus; Type: TABLE; Schema: public; Owner: -
--

CREATE TABLE public."ticketStatus" (
    "statusId" integer NOT NULL,
    name text NOT NULL
);


--
-- Name: ticketStatus_statusId_seq; Type: SEQUENCE; Schema: public; Owner: -
--

CREATE SEQUENCE public."ticketStatus_statusId_seq"
    AS integer
    START WITH 1
    INCREMENT BY 1
    NO MINVALUE
    NO MAXVALUE
    CACHE 1;


--
-- Name: ticketStatus_statusId_seq; Type: SEQUENCE OWNED BY; Schema: public; Owner: -
--

ALTER SEQUENCE public."ticketStatus_statusId_seq" OWNED BY public."ticketStatus"."statusId";


--
-- Name: tickets; Type: TABLE; Schema: public; Owner: -
--

CREATE TABLE public.tickets (
    "ticketId" integer NOT NULL,
    status integer NOT NULL,
    priority integer NOT NULL,
    description text NOT NULL,
    details text NOT NULL,
    "startDate" timestamp(6) with time zone NOT NULL,
    "dueDate" timestamp(6) with time zone,
    "ownerId" integer NOT NULL,
    "assignedToId" integer,
    "customerId" integer NOT NULL
);


--
-- Name: tickets_ticketId_seq; Type: SEQUENCE; Schema: public; Owner: -
--

CREATE SEQUENCE public."tickets_ticketId_seq"
    AS integer
    START WITH 1
    INCREMENT BY 1
    NO MINVALUE
    NO MAXVALUE
    CACHE 1;


--
-- Name: tickets_ticketId_seq; Type: SEQUENCE OWNED BY; Schema: public; Owner: -
--

ALTER SEQUENCE public."tickets_ticketId_seq" OWNED BY public.tickets."ticketId";


--
-- Name: users; Type: TABLE; Schema: public; Owner: -
--

CREATE TABLE public.users (
    "userId" integer NOT NULL,
    "firstName" text NOT NULL,
    "lastName" text NOT NULL,
    "companyName" text NOT NULL,
    "jobTitle" text NOT NULL,
    "phoneNumber" text NOT NULL,
    email text NOT NULL,
    "addressStreet" text NOT NULL,
    "addressCity" text NOT NULL,
    "addressState" text NOT NULL,
    "addressZip" text NOT NULL,
    password text NOT NULL,
    "imagePath" text
);


--
-- Name: users_userId_seq; Type: SEQUENCE; Schema: public; Owner: -
--

CREATE SEQUENCE public."users_userId_seq"
    AS integer
    START WITH 1
    INCREMENT BY 1
    NO MINVALUE
    NO MAXVALUE
    CACHE 1;


--
-- Name: users_userId_seq; Type: SEQUENCE OWNED BY; Schema: public; Owner: -
--

ALTER SEQUENCE public."users_userId_seq" OWNED BY public.users."userId";


--
-- Name: customers customerId; Type: DEFAULT; Schema: public; Owner: -
--

ALTER TABLE ONLY public.customers ALTER COLUMN "customerId" SET DEFAULT nextval('public."customers_customerId_seq"'::regclass);


--
-- Name: interactions interactionId; Type: DEFAULT; Schema: public; Owner: -
--

ALTER TABLE ONLY public.interactions ALTER COLUMN "interactionId" SET DEFAULT nextval('public."interactions_interactionId_seq"'::regclass);


--
-- Name: interactions notes; Type: DEFAULT; Schema: public; Owner: -
--

ALTER TABLE ONLY public.interactions ALTER COLUMN notes SET DEFAULT nextval('public.interactions_notes_seq'::regclass);


--
-- Name: ticketPriority priorityId; Type: DEFAULT; Schema: public; Owner: -
--

ALTER TABLE ONLY public."ticketPriority" ALTER COLUMN "priorityId" SET DEFAULT nextval('public."ticketPriority_priorityId_seq"'::regclass);


--
-- Name: ticketStatus statusId; Type: DEFAULT; Schema: public; Owner: -
--

ALTER TABLE ONLY public."ticketStatus" ALTER COLUMN "statusId" SET DEFAULT nextval('public."ticketStatus_statusId_seq"'::regclass);


--
-- Name: tickets ticketId; Type: DEFAULT; Schema: public; Owner: -
--

ALTER TABLE ONLY public.tickets ALTER COLUMN "ticketId" SET DEFAULT nextval('public."tickets_ticketId_seq"'::regclass);


--
-- Name: users userId; Type: DEFAULT; Schema: public; Owner: -
--

ALTER TABLE ONLY public.users ALTER COLUMN "userId" SET DEFAULT nextval('public."users_userId_seq"'::regclass);


--
-- Data for Name: customers; Type: TABLE DATA; Schema: public; Owner: -
--

COPY public.customers ("customerId", "firstName", "lastName", "companyName", "jobTitle", "phoneNumber", email, "addressStreet", "addressCity", "addressState", "addressZip", "repId", "imagePath") FROM stdin;
1	Will	Billiamson	Bill Propane & More	CFO	6968008132	bill.bill@willbill.biz	9200 Irvine Center Dr.	Irvine	CA	92618	1	https://images.generated.photos/qJcFpEWQBKP59tukgOqBxxphS_sQuzjP0ibkvnr2-_E/rs:fit:512:512/Z3M6Ly9nZW5lcmF0/ZWQtcGhvdG9zL3Yz/XzA2MTYyMzcuanBn.jpg
217	Bryanty	Rydeard	Eayo	Software Test Engineer I	2081472403	brydeard2@360.cn	21075 Texas Court	Boise	ID	83705	5	https://images.generated.photos/4XaHppH1l7bZj8kP_NSVbqTIT_5mOGYOHnE1oUrCjAM/rs:fit:512:512/Z3M6Ly9nZW5lcmF0/ZWQtcGhvdG9zL3Yz/XzA2NzExNzguanBn.jpg
228	Emmerich	Alderman	Bubbletube	Help Desk Operator	7867022375	ealdermand@ycombinator.com	41838 Saint Paul Center	Miami	FL	33169	9	https://images.generated.photos/hzZsyIClRaN-SfqtZQXVBnuQbcUOfWCI8JjkNS_GP48/rs:fit:512:512/Z3M6Ly9nZW5lcmF0/ZWQtcGhvdG9zL3Yz/XzA3NzUxODkuanBn.jpg
231	Gary	Bowe	Jazzy	Media Manager III	2106345443	gboweg@liveinternet.ru	33 Sutherland Place	San Antonio	TX	78265	3	https://images.generated.photos/tbcQ4B9EmtTCZk12SQgsLB53o--fx5sRFcZw4Cwmc3M/rs:fit:512:512/Z3M6Ly9nZW5lcmF0/ZWQtcGhvdG9zL3Yz/XzA4ODE2MjEuanBn.jpg
232	Elwood	Chessor	Ainyx	Marketing Manager	9157631870	echessorh@wikipedia.org	1 International Drive	El Paso	TX	79911	4	https://images.generated.photos/TXrSbxup0orX0tN45gmLOelZF2tHjzXe8_nd2PlV0Is/rs:fit:512:512/Z3M6Ly9nZW5lcmF0/ZWQtcGhvdG9zL3Yz/XzA4NzgxMTAuanBn.jpg
240	Aron	Pallesen	JumpXS	Web Designer III	3156217083	apallesenp@geocities.com	711 Lillian Road	Utica	NY	13505	4	https://images.generated.photos/dEFAOOsQqRRNwggMrL5d7MyUON08RXu3izJTglQpMeg/rs:fit:512:512/Z3M6Ly9nZW5lcmF0/ZWQtcGhvdG9zL3Yz/XzA0MzU1NjIuanBn.jpg
241	Aldis	Spurgeon	Zazio	Recruiter	6155134520	aspurgeonq@histats.com	9 Muir Plaza	Nashville	TN	37215	10	https://images.generated.photos/JB3iYW5i5IBu4TlMlhEk7tAlWFQfD45TTNF4VfmiEC0/rs:fit:512:512/Z3M6Ly9nZW5lcmF0/ZWQtcGhvdG9zL3Yz/XzAxODU4NDMuanBn.jpg
245	Kennith	Sidery	Twinte	VP Marketing	2349781760	ksideryu@sciencedaily.com	13197 Sauthoff Circle	Canton	OH	44760	6	https://images.generated.photos/YNNvMWKx8xO1BUX3X9x8Aw8rjM_2RaH8ZtFV2_Tv9FM/rs:fit:512:512/Z3M6Ly9nZW5lcmF0/ZWQtcGhvdG9zL3Yz/XzAxMjQyMTMuanBn.jpg
223	Hastings	Kordas	Kare	VP Accounting	3158493405	hkordas8@macromedia.com	0970 Waywood Center	Utica	NY	13505	1	https://images.generated.photos/xlmrEMXmS91empyg5PgFVFLbJyM9ETvb8rtmrQl1aqY/rs:fit:512:512/Z3M6Ly9nZW5lcmF0/ZWQtcGhvdG9zL3Yz/XzAzODYxNzUuanBn.jpg
224	Lewie	Gellier	Talane	Financial Advisor	3044548465	lgellier9@cdc.gov	1 Kropf Trail	Huntington	WV	25775	3	https://images.generated.photos/zdR6VpUySqffSZU7OaqwGhyoNYN_usNbC8a4Nj2BTf0/rs:fit:512:512/Z3M6Ly9nZW5lcmF0/ZWQtcGhvdG9zL3Yz/XzA4MzUwMTIuanBn.jpg
215	Marilyn	Zoppie	BlogXS	Civil Engineer	9519893854	mzoppie0@ezinearticles.com	609 Muir Street	Riverside	CA	92513	1	https://images.generated.photos/cCXVhMJHAoek7YrWeu_ab-aHsHzWUz9TlszIg68ZJXM/rs:fit:512:512/Z3M6Ly9nZW5lcmF0/ZWQtcGhvdG9zL3Yz/XzAxNTc4ODMuanBn.jpg
226	Rozella	Gatheridge	Aivee	Environmental Specialist	2154974139	rgatheridgeb@artisteer.com	13 Schurz Parkway	Philadelphia	PA	19160	1	https://images.generated.photos/Fpsf1GLSNKiER7YxhgUloEHvAcaXrb9jbpEVPoozbT4/rs:fit:512:512/Z3M6Ly9nZW5lcmF0/ZWQtcGhvdG9zL3Yz/XzA4MTY5MTQuanBn.jpg
227	Dalila	Philipart	Bubblebox	Research Nurse	9168389268	dphilipartc@list-manage.com	3 Londonderry Plaza	Sacramento	CA	95865	2	https://images.generated.photos/e6cnvAIezEYhKKIYr_J6E7iAo6ddePtUM258Izy3grQ/rs:fit:512:512/Z3M6Ly9nZW5lcmF0/ZWQtcGhvdG9zL3Yz/XzA0Mzk5ODYuanBn.jpg
220	Neilla	Rembrandt	Quaxo	Senior Quality Engineer	2021419937	nrembrandt5@dedecms.com	23013 Derek Avenue	Washington	DC	20046	2	https://images.generated.photos/esfEDEnCWldT92XdOpcB5PISYQzyUN_yty7KvJ5iuQc/rs:fit:512:512/Z3M6Ly9nZW5lcmF0/ZWQtcGhvdG9zL3Yz/XzA2NzM3MTIuanBn.jpg
237	Zorah	Morriarty	Jetpulse	Software Test Engineer I	2409164162	zmorriartym@netscape.com	51 Pine View Trail	Silver Spring	MD	20904	4	https://images.generated.photos/XQv_CZCb0sd0y0hUSBqApI2mS3m6zVdxMYVOLynLGKU/rs:fit:512:512/Z3M6Ly9nZW5lcmF0/ZWQtcGhvdG9zL3Yz/XzA0NDcxNzguanBn.jpg
243	Petra	Lauderdale	Realblab	Administrative Officer	5748622440	plauderdales@blog.com	6 Barby Point	South Bend	IN	46699	10	https://images.generated.photos/7ecYrwyNWL9AjJO9e7FVqnxRDahd7WP-HkXFggKF2Rc/rs:fit:512:512/Z3M6Ly9nZW5lcmF0/ZWQtcGhvdG9zL3Yz/XzAzODU3NDQuanBn.jpg
244	Kylynn	Whyard	Kwimbee	Accountant I	5401402817	kwhyardt@naver.com	9606 Dixon Way	Roanoke	VA	24048	1	https://images.generated.photos/K6Hghu_MxkdnIIAnllF-BFqlld2TTGkz_LrNsXdce6c/rs:fit:512:512/Z3M6Ly9nZW5lcmF0/ZWQtcGhvdG9zL3Yz/XzA1Mjg1MTMuanBn.jpg
246	Roch	Kirdsch	Thoughtbeat	Director of Sales	8032253254	rkirdschv@xing.com	17305 Evergreen Circle	Columbia	SC	29203	7	https://images.generated.photos/QpK7weCFu4n8HX9WxBa801ikJ9uHRdvHX07Hz2iiF5A/rs:fit:512:512/Z3M6Ly9nZW5lcmF0/ZWQtcGhvdG9zL3Yz/XzAxMjcwNDkuanBn.jpg
249	Leanor	McNeill	Brainverse	VP Sales	2121997097	lmcneilly@list-manage.com	074 Farragut Circle	New York City	NY	10029	5	https://images.generated.photos/r8LA7wddgREY8OzelgHYAAUDjBkPAPadrqSGO2vDnQE/rs:fit:512:512/Z3M6Ly9nZW5lcmF0/ZWQtcGhvdG9zL3Yz/XzAwNDI5NDIuanBn.jpg
250	Gillie	Lothlorien	Bluezoom	Nurse Practicioner	4042221379	glothlorienz@jalbum.net	7 Butternut Park	Atlanta	GA	30356	3	https://images.generated.photos/flEc_ZRGsgFnqZhJo4y6vkgN-O52JQ5h1KOk2WUp3zs/rs:fit:512:512/Z3M6Ly9nZW5lcmF0/ZWQtcGhvdG9zL3Yz/XzA0MzUxOTQuanBn.jpg
252	Annadiana	Seagrave	Katz	Senior Financial Analyst	7857328270	aseagrave11@narod.ru	89 Lakewood Alley	Topeka	KS	66642	5	https://images.generated.photos/hKJKhwHQH0g5V0oJolPKqRTSCdjNmGv78vOOQQg8Gv0/rs:fit:512:512/Z3M6Ly9nZW5lcmF0/ZWQtcGhvdG9zL3Yz/XzA2MTY2MzIuanBn.jpg
256	Charmaine	Blacklidge	Mynte	Marketing Manager	6508197763	cblacklidge15@irs.gov	0658 Gateway Hill	Mountain View	CA	94042	4	https://images.generated.photos/Xdvfw22ypshq_jKFtwIr3uZli9_3gDiHmOonRdMXtxg/rs:fit:512:512/Z3M6Ly9nZW5lcmF0/ZWQtcGhvdG9zL3Yz/XzA4Mzk3MTQuanBn.jpg
277	Marmaduke	Shatliffe	Ooba	Systems Administrator II	9405483353	mshatliffe1q@ustream.tv	61 Bluestem Parkway	Wichita Falls	TX	76310	8	https://images.generated.photos/yENzxjik0s0zLWmynTvK1PkVxM3WVhIm55wPiCe03n8/rs:fit:512:512/Z3M6Ly9nZW5lcmF0/ZWQtcGhvdG9zL3Yz/XzA2Nzg3OTUuanBn.jpg
289	Krishnah	Clohissy	Linkbuzz	Quality Engineer	2122923418	kclohissy22@redcross.org	7 Porter Place	New York City	NY	10150	9	https://images.generated.photos/trwjJvOyEqcjf2tqyTvKFTQ4oOgh85DbLHs8QSrd86U/rs:fit:512:512/Z3M6Ly9nZW5lcmF0/ZWQtcGhvdG9zL3Yz/XzA0MjkyMzguanBn.jpg
290	Marven	Gregori	Feedfire	Graphic Designer	5174785754	mgregori23@ucsd.edu	48 Village Hill	Lansing	MI	48901	1	https://images.generated.photos/o2TYppnJFmNCD8Ws7VKWvfJG83fL0juDsq7n9DzXG5Q/rs:fit:512:512/Z3M6Ly9nZW5lcmF0/ZWQtcGhvdG9zL3Yz/XzAzNzU4MTQuanBn.jpg
291	Eldridge	Turone	Roodel	Staff Scientist	5403087740	eturone24@epa.gov	1672 Magdeline Avenue	Roanoke	VA	24024	1	https://images.generated.photos/MImAy82szj1Ss_3C7Y9_jpr9YlIVsJ4dKjCc-gTSo_g/rs:fit:512:512/Z3M6Ly9nZW5lcmF0/ZWQtcGhvdG9zL3Yz/XzA5MjkzNDUuanBn.jpg
294	Hermie	Driffill	Gabcube	Professor	5023904300	hdriffill27@usgs.gov	8 Lien Lane	Louisville	KY	40256	7	https://images.generated.photos/punq7p7FqObM-xpRlEooVweSer5xTq5F_YRzbct8sh0/rs:fit:512:512/Z3M6Ly9nZW5lcmF0/ZWQtcGhvdG9zL3Yz/XzAwMjE3MDAuanBn.jpg
296	Nap	Bernhart	Rhynoodle	Product Engineer	4197700789	nbernhart29@wired.com	247 Rieder Place	Toledo	OH	43635	9	https://images.generated.photos/oVhZWU2inHTVL05I0_2joV8u14aKk_HHvFBm-VBNEXs/rs:fit:512:512/Z3M6Ly9nZW5lcmF0/ZWQtcGhvdG9zL3Yz/XzAyNjM0MTEuanBn.jpg
297	Stillmann	Vaux	Plambee	Administrative Officer	3604664214	svaux2a@woothemes.com	062 Utah Place	Seattle	WA	98166	10	https://images.generated.photos/-qaFxHOEdNnm_ZcGG95z8gPoZNJnPlPJfppcbrgxyms/rs:fit:512:512/Z3M6Ly9nZW5lcmF0/ZWQtcGhvdG9zL3Yz/XzA0MTQ2NTYuanBn.jpg
299	Aldric	Gianolini	Tanoodle	Research Assistant IV	5713521333	agianolini2c@github.com	244 Springview Street	Springfield	VA	22156	7	https://images.generated.photos/pXv6xe8ytSbuaCreBWHeKDc3FqDEVtukAUwiN8cC9nI/rs:fit:512:512/Z3M6Ly9nZW5lcmF0/ZWQtcGhvdG9zL3Yz/XzAxOTk5MjQuanBn.jpg
300	Stearne	Preuvost	Voonix	Food Chemist	3059533488	spreuvost2d@sciencedaily.com	6 Onsgard Trail	Miami	FL	33190	9	https://images.generated.photos/JynOFxp6Jx9o_12M-muRU1SxsiHx4GG6QthCayZqXnE/rs:fit:512:512/Z3M6Ly9nZW5lcmF0/ZWQtcGhvdG9zL3Yz/XzA1NDYyNjcuanBn.jpg
301	Etienne	Fernely	Blogpad	Media Manager I	6153584664	efernely2e@pinterest.com	42709 Heffernan Place	Nashville	TN	37205	4	https://images.generated.photos/cfdGRJsR_lw4mbLxk3Ts0B9VGJy7BcT0bK_INeDu8uI/rs:fit:512:512/Z3M6Ly9nZW5lcmF0/ZWQtcGhvdG9zL3Yz/XzAyOTAxOTIuanBn.jpg
302	Berke	Tedstone	Aimbu	Quality Engineer	2817437659	btedstone2f@usnews.com	04 Kropf Lane	Houston	TX	77075	1	https://images.generated.photos/eZ0hPvjjIQAxx1IttDPJyKtBYxGiNHocQahDDPKUTEo/rs:fit:512:512/Z3M6Ly9nZW5lcmF0/ZWQtcGhvdG9zL3Yz/XzAwNjYxNTEuanBn.jpg
260	Tessi	Lecount	Abatz	Senior Sales Associate	9378062002	tlecount19@last.fm	5 Mandrake Hill	Springfield	OH	45505	3	https://images.generated.photos/-gsomv_s6iWgyhp020fF4SptwXDRpRNek5TyV7jAMEQ/rs:fit:512:512/Z3M6Ly9nZW5lcmF0/ZWQtcGhvdG9zL3Yz/XzA0OTAwODEuanBn.jpg
264	Dorris	Mark	Jabbercube	Nurse Practicioner	3135997171	dmark1d@cargocollective.com	27 Main Parkway	Southfield	MI	48076	6	https://images.generated.photos/QONpnh4GXz6tBU61hlfMwiPUT7WBLQHNiIW4Nj_tBXM/rs:fit:512:512/Z3M6Ly9nZW5lcmF0/ZWQtcGhvdG9zL3Yz/XzAxMzA1MTAuanBn.jpg
267	Rebecka	Gillinghams	Rhybox	Sales Representative	7163950305	rgillinghams1g@foxnews.com	42859 Superior Parkway	Buffalo	NY	14263	9	https://images.generated.photos/XII9rYiNUvyXJV9EG9bp-Cj7N6zZy210IsV529Q5soo/rs:fit:512:512/Z3M6Ly9nZW5lcmF0/ZWQtcGhvdG9zL3Yz/XzAzNTAxNTguanBn.jpg
268	Irina	Di Nisco	Dynazzy	Developer I	6509179674	idinisco1h@abc.net.au	495 Hallows Alley	Redwood City	CA	94064	6	https://images.generated.photos/hHmLCZqGKkrNzZpDxIPDrZJ6L-tZQo5PxQy0MbZz41s/rs:fit:512:512/Z3M6Ly9nZW5lcmF0/ZWQtcGhvdG9zL3Yz/XzAwMTg3NTcuanBn.jpg
269	Meriel	Shankle	Buzzbean	Dental Hygienist	3022561187	mshankle1i@craigslist.org	2 Corry Park	Wilmington	DE	19892	9	https://images.generated.photos/0NkeUr0iKUUvx-6pxHMpk0EENs3ZRLUSjTQga1FepF4/rs:fit:512:512/Z3M6Ly9nZW5lcmF0/ZWQtcGhvdG9zL3Yz/XzAyODI5MTkuanBn.jpg
288	Tessa	Whaley	Gigaclub	Associate Professor	4252921657	twhaley21@github.com	098 Anniversary Plaza	Seattle	WA	98133	5	https://images.generated.photos/19WEpefJLLcw7wX-IpgntOTUDD5gD53WZVC4inv-Ggw/rs:fit:512:512/Z3M6Ly9nZW5lcmF0/ZWQtcGhvdG9zL3Yz/XzA3MTY1NjYuanBn.jpg
293	Matilda	Anten	Bubbletube	Recruiting Manager	4784351300	manten26@desdev.cn	65 Schurz Place	Macon	GA	31205	5	https://images.generated.photos/khLcpCwmm9prKMT0BNiL7-H56g-OQdLYoqgsgRfBODU/rs:fit:512:512/Z3M6Ly9nZW5lcmF0/ZWQtcGhvdG9zL3Yz/XzA5MTA2NTkuanBn.jpg
295	Brietta	Aylott	Devify	Food Chemist	4805022781	baylott28@yahoo.co.jp	072 Sherman Road	Phoenix	AZ	85005	10	https://images.generated.photos/x1L8aLaE2_w8-r0tFv69FLy1BOfSAecOtMw6jch9MrE/rs:fit:512:512/Z3M6Ly9nZW5lcmF0/ZWQtcGhvdG9zL3Yz/XzA4MjczMzQuanBn.jpg
298	Andree	Lawtie	Yodo	Software Test Engineer III	6165001804	alawtie2b@clickbank.net	0828 Nova Alley	Grand Rapids	MI	49505	2	https://images.generated.photos/UbwOmDmARP4SH_FBztaMtnwgAUVS2xpxFzyYEYCIIJE/rs:fit:512:512/Z3M6Ly9nZW5lcmF0/ZWQtcGhvdG9zL3Yz/XzAxOTkxMjMuanBn.jpg
303	Charity	Fretwell	Jaxworks	Editor	8139123141	cfretwell2g@gizmodo.com	510 Fisk Parkway	Saint Petersburg	FL	33705	10	https://images.generated.photos/VsOsq1GAHY-IfMuSDqy8nE3ZDf1Q50tTZ7hfizMhYKQ/rs:fit:512:512/Z3M6Ly9nZW5lcmF0/ZWQtcGhvdG9zL3Yz/XzAxMzgzMjcuanBn.jpg
304	Celka	Addey	Twimm	Physical Therapy Assistant	5154093495	caddey2h@google.nl	7610 Waubesa Parkway	Des Moines	IA	50369	6	https://images.generated.photos/Yio-XdMR2jTqJwnsX4MxqnrRYTgPnVR5rr4lSWX4Djc/rs:fit:512:512/Z3M6Ly9nZW5lcmF0/ZWQtcGhvdG9zL3Yz/XzA0NTIyNDQuanBn.jpg
309	Zenia	Roget	Yodoo	General Manager	4807161693	zroget2m@sciencedaily.com	4380 Sloan Crossing	Gilbert	AZ	85297	3	https://images.generated.photos/QPowi-npfFT0sBbTlePzxY60CL_PYirjFJGFRRnSzmE/rs:fit:512:512/Z3M6Ly9nZW5lcmF0/ZWQtcGhvdG9zL3Yz/XzA2OTg0NDYuanBn.jpg
325	Auria	Guillain	Meembee	Nurse	9189033795	aguillain32@hexun.com	994 Petterle Lane	Tulsa	OK	74141	8	https://images.generated.photos/KcnvQ5hey-1PsZeTMZ04rOiQaE04eqbSaFFoCTFJ5dE/rs:fit:512:512/Z3M6Ly9nZW5lcmF0/ZWQtcGhvdG9zL3Yz/XzAwMDY3MTguanBn.jpg
317	Emelita	Gillebert	Gabcube	Sales Associate	7187095314	egillebert2u@state.gov	79 Orin Point	Brooklyn	NY	11210	9	https://images.generated.photos/AGDSamtj7g85MTKAEwWCA1ODuHHnHSpKv1ppyDV43kw/rs:fit:512:512/Z3M6Ly9nZW5lcmF0/ZWQtcGhvdG9zL3Yz/XzA0NTkwNDMuanBn.jpg
334	Sonia	Flynn	Tagfeed	Dental Hygienist	6152778650	sflynn3b@tiny.cc	30935 Rowland Pass	Nashville	TN	37210	9	https://images.generated.photos/d3Nds5BCmeU1eYUEDveLdP7S0aqf4lYK5rMwYY6x3Ac/rs:fit:512:512/Z3M6Ly9nZW5lcmF0/ZWQtcGhvdG9zL3Yz/XzA3NDYwNTYuanBn.jpg
342	Dasya	Corro	Zoonoodle	Community Outreach Specialist	6124053892	dcorro3j@unicef.org	04 Cascade Trail	Minneapolis	MN	55436	10	https://images.generated.photos/p1etgKZ7cnI3o9N_biLcSEJewZwo8sE6Mu8jYNIU7lA/rs:fit:512:512/Z3M6Ly9nZW5lcmF0/ZWQtcGhvdG9zL3Yz/XzA2NzIzODcuanBn.jpg
347	Cristin	Ellwell	Twitterbeat	Social Worker	9158221727	cellwell3o@bandcamp.com	64637 Sunbrook Plaza	El Paso	TX	79940	6	https://images.generated.photos/sgb9U4Of1GGIkc2LqMShvfwQ8KTJb3o_DmYdFdS7zPc/rs:fit:512:512/Z3M6Ly9nZW5lcmF0/ZWQtcGhvdG9zL3Yz/XzAzNjk3NDUuanBn.jpg
349	Karleen	Triggol	Vitz	Nuclear Power Engineer	2092337103	ktriggol3q@booking.com	49689 Petterle Road	Fresno	CA	93715	1	https://images.generated.photos/eYXvMeOAi03du7C_PyzDQWvcAmruWZ_PC_WZvuKboIo/rs:fit:512:512/Z3M6Ly9nZW5lcmF0/ZWQtcGhvdG9zL3Yz/XzA5OTQwMDkuanBn.jpg
351	Frieda	Constanza	Photojam	Electrical Engineer	8011113685	fconstanza3s@loc.gov	16372 Melody Pass	Salt Lake City	UT	84152	4	https://images.generated.photos/H55lUx9oWpkd20FpoHOD0aPq1T50aU9WNWVGtoK3Bbo/rs:fit:512:512/Z3M6Ly9nZW5lcmF0/ZWQtcGhvdG9zL3Yz/XzA2ODQzNTguanBn.jpg
315	Leroi	Soff	Linkbuzz	Programmer Analyst II	6126117033	lsoff2s@usa.gov	94406 Marquette Crossing	Saint Paul	MN	55127	5	https://images.generated.photos/XIrufmSpBz6yqMDkwwlVCnxqfceDd8wnsieVlMbxls4/rs:fit:512:512/Z3M6Ly9nZW5lcmF0/ZWQtcGhvdG9zL3Yz/XzA2ODc3OTguanBn.jpg
316	Keary	Boxe	Thoughtbridge	Staff Scientist	7245091825	kboxe2t@hibu.com	140 Bartelt Way	Pittsburgh	PA	15205	7	https://images.generated.photos/aUHu3TCohsKujZWB3I0S7m0utbcKldxYXPlUSnJBfUg/rs:fit:512:512/Z3M6Ly9nZW5lcmF0/ZWQtcGhvdG9zL3Yz/XzAxNzI0MTEuanBn.jpg
326	Hymie	Goldman	Mynte	Accounting Assistant IV	9411046516	hgoldman33@vistaprint.com	353 Prairieview Court	Bradenton	FL	34205	6	https://images.generated.photos/xyUXvOZ0DnGL_jNHM2mXMVl7ylcCE_eOUsI51BYFjns/rs:fit:512:512/Z3M6Ly9nZW5lcmF0/ZWQtcGhvdG9zL3Yz/XzA3ODg2NzMuanBn.jpg
328	Cointon	Conkie	Skyndu	Chief Design Engineer	6511848112	cconkie35@xing.com	73 Lakewood Plaza	Saint Paul	MN	55146	7	https://images.generated.photos/forWllKXEZTt6uQQvMDCoTjWnHQ2QITqVxW-kn3JFaU/rs:fit:512:512/Z3M6Ly9nZW5lcmF0/ZWQtcGhvdG9zL3Yz/XzA2MDc3OTguanBn.jpg
331	Chauncey	Singers	Trilia	Product Engineer	8127918512	csingers38@marriott.com	5 Northfield Crossing	Terre Haute	IN	47805	4	https://images.generated.photos/5v0_gNoMlD-fbx1GLR0ktQFrCJ2KjGrWTFWBD1-gfR0/rs:fit:512:512/Z3M6Ly9nZW5lcmF0/ZWQtcGhvdG9zL3Yz/XzA0NTk0NDMuanBn.jpg
333	Griz	Elldred	Meevee	Office Assistant I	6027424024	gelldred3a@netvibes.com	4965 Bluestem Junction	Phoenix	AZ	85010	7	https://images.generated.photos/41MYYQOMgpVQYDO3APTC5j0P-gTtGoYBYt5o8Cuk6Y0/rs:fit:512:512/Z3M6Ly9nZW5lcmF0/ZWQtcGhvdG9zL3Yz/XzA2NjQ0MTEuanBn.jpg
335	Arnuad	Traylen	Gigabox	Environmental Specialist	6028903152	atraylen3c@cnn.com	19 Paget Way	Phoenix	AZ	85010	2	https://images.generated.photos/JPtESWF3x2epBlETF38Zf3bULqBZ0qLDake1v9C8U_w/rs:fit:512:512/Z3M6Ly9nZW5lcmF0/ZWQtcGhvdG9zL3Yz/XzAyNDM0MzYuanBn.jpg
338	Haily	Malia	Thoughtstorm	Software Consultant	6163629687	hmalia3f@state.gov	94 Farmco Crossing	Grand Rapids	MI	49518	6	https://images.generated.photos/TcmzbU3mNOSKucNlg_G1AgvVkg5sxkSaS0THfTxpzXg/rs:fit:512:512/Z3M6Ly9nZW5lcmF0/ZWQtcGhvdG9zL3Yz/XzAyNzA1NDIuanBn.jpg
340	Petr	Giraudeau	Brainbox	Administrative Officer	2543075202	pgiraudeau3h@unc.edu	7 North Junction	Waco	TX	76711	9	https://images.generated.photos/hZ-kp7qOIe4fRam9LCAcf90aIKH_UFE0H8uqUO7vWbo/rs:fit:512:512/Z3M6Ly9nZW5lcmF0/ZWQtcGhvdG9zL3Yz/XzA2OTEzMzMuanBn.jpg
344	Hunfredo	Whinray	Eare	Civil Engineer	3301158548	hwhinray3l@sfgate.com	49 Pennsylvania Place	Youngstown	OH	44511	4	https://images.generated.photos/d2KJQYOmSjfqfCI56s-vujnlQvccHvJ1VRqEyCveokQ/rs:fit:512:512/Z3M6Ly9nZW5lcmF0/ZWQtcGhvdG9zL3Yz/XzAwMzYxMzkuanBn.jpg
350	Hirsch	Haley	Lazzy	Design Engineer	7204343410	hhaley3r@scribd.com	746 Swallow Way	Littleton	CO	80161	1	https://images.generated.photos/sclB5YvcgVJ2PGUYdd-UEF4BO-SZ9E932Kks8REs93A/rs:fit:512:512/Z3M6Ly9nZW5lcmF0/ZWQtcGhvdG9zL3Yz/XzA3MzY5OTUuanBn.jpg
352	Pincus	Oliphard	Mymm	Internal Auditor	9031105749	poliphard3t@pinterest.com	60258 Pond Court	Texarkana	TX	75507	4	https://images.generated.photos/X25pDNDBSNNyGgsh_FfrU1sdVj8ihdHIzGoT2c0Z-08/rs:fit:512:512/Z3M6Ly9nZW5lcmF0/ZWQtcGhvdG9zL3Yz/XzAwNTI1NDAuanBn.jpg
354	Osgood	Tod	Dynabox	Statistician IV	4053032463	otod3v@google.nl	33072 7th Drive	Oklahoma City	OK	73167	5	https://images.generated.photos/YF7k1efWjxJ7Eiz_437rBcHozsILCSqtlkMxZpIblm4/rs:fit:512:512/Z3M6Ly9nZW5lcmF0/ZWQtcGhvdG9zL3Yz/XzAxOTY1NTguanBn.jpg
323	Mischa	Adney	Photolist	Analog Circuit Design manager	2562385747	madney30@nasa.gov	5881 Rutledge Plaza	Gadsden	AL	35905	9	https://images.generated.photos/YD6zPCLV9W4w75PmlqG21l-1dAtqcZeYjMCGEopWxuw/rs:fit:512:512/Z3M6Ly9nZW5lcmF0/ZWQtcGhvdG9zL3Yz/XzA1OTY0NjMuanBn.jpg
324	Lamond	Orgee	Jabbersphere	Director of Sales	7604460265	lorgee31@yellowpages.com	438 Graedel Street	Escondido	CA	92030	3	https://images.generated.photos/rOMQHpQqDNuA4NSUeNW02-cCsvLa0D53sWcpOSwFvpE/rs:fit:512:512/Z3M6Ly9nZW5lcmF0/ZWQtcGhvdG9zL3Yz/XzA3OTA1NTUuanBn.jpg
369	Jolie	Binion	Centizu	Geological Engineer	2171458485	jbinion4a@nature.com	9760 Dunning Point	Springfield	IL	62764	2	https://images.generated.photos/BWLkVEzkINNPq0tLwdwHb3uvIH-e33GdqIqjSB9rq64/rs:fit:512:512/Z3M6Ly9nZW5lcmF0/ZWQtcGhvdG9zL3Yz/XzAwNTUyNDMuanBn.jpg
370	Matilde	Dennes	Skiptube	Staff Accountant III	7065662134	mdennes4b@china.com.cn	50528 Stone Corner Plaza	Augusta	GA	30905	1	https://images.generated.photos/lcc88pk4feIUgjJgIMY6Ux0KyWGMV4-3AJB3cNURAlo/rs:fit:512:512/Z3M6Ly9nZW5lcmF0/ZWQtcGhvdG9zL3Yz/XzA5OTU4NTUuanBn.jpg
373	Winnifred	Dmitrievski	Aivee	Analog Circuit Design manager	2123032156	wdmitrievski4e@naver.com	106 Gateway Place	New York City	NY	10249	9	https://images.generated.photos/RpdFszhyj5t6gm1SAQgEZai6TPnHRbFnLnJj7lX-76Q/rs:fit:512:512/Z3M6Ly9nZW5lcmF0/ZWQtcGhvdG9zL3Yz/XzA1Mzc0MTguanBn.jpg
388	Alejandra	Fairall	Babbleblab	Senior Sales Associate	8033194356	afairall4t@chronoengine.com	7 Meadow Vale Parkway	Columbia	SC	29240	3	https://images.generated.photos/-V9TBnQ9qGKRcBtJZQupUgZcdg9rgYycS9-MdVhLECQ/rs:fit:512:512/Z3M6Ly9nZW5lcmF0/ZWQtcGhvdG9zL3Yz/XzA5MDEyNjEuanBn.jpg
389	Vicky	Hauxley	Centimia	Librarian	5717085958	vhauxley4u@hexun.com	5 Sycamore Place	Sterling	VA	20167	5	https://images.generated.photos/7oUSHYOiQWQG0N1MDl-IX_GGRKEF0pRGizVRv0B6sJo/rs:fit:512:512/Z3M6Ly9nZW5lcmF0/ZWQtcGhvdG9zL3Yz/XzA5MjczNzguanBn.jpg
398	Guenevere	Amys	Voolia	Software Consultant	8125720045	gamys53@npr.org	8 Menomonie Place	Terre Haute	IN	47812	7	https://images.generated.photos/EDteTqSUG2Z582CacyFtMCpQMhERLjglHuHvcz50NnI/rs:fit:512:512/Z3M6Ly9nZW5lcmF0/ZWQtcGhvdG9zL3Yz/XzA0OTEzODQuanBn.jpg
400	Courtenay	Driuzzi	Yamia	Assistant Professor	8432788623	cdriuzzi55@discovery.com	9148 Redwing Lane	Charleston	SC	29411	5	https://images.generated.photos/Znr0NQYi59WfhrWA_7UWBbXmmcMa3Ik0dzIje0qDPgQ/rs:fit:512:512/Z3M6Ly9nZW5lcmF0/ZWQtcGhvdG9zL3Yz/XzAxNzg2MTkuanBn.jpg
401	Lilia	Todman	Thoughtblab	Administrative Assistant IV	4045702858	ltodman56@liveinternet.ru	29649 Morningstar Place	Atlanta	GA	30392	3	https://images.generated.photos/6ZPLRwE1i48mp_XQhGH0ARE1ZmUrt14w9Qtg9MYptVk/rs:fit:512:512/Z3M6Ly9nZW5lcmF0/ZWQtcGhvdG9zL3Yz/XzA2MjgyMzYuanBn.jpg
403	Marline	Linzee	Quimm	Product Engineer	2315780268	mlinzee58@buzzfeed.com	12 Harper Terrace	Muskegon	MI	49444	10	https://images.generated.photos/2NsCzsSg5e6-Igvhkvkq_NdyEvQhn6qjYRu2IKu3Zsk/rs:fit:512:512/Z3M6Ly9nZW5lcmF0/ZWQtcGhvdG9zL3Yz/XzA3NDk4MzAuanBn.jpg
406	Alayne	Bilbrooke	Ntag	Chief Design Engineer	7046430936	abilbrooke5b@dell.com	1857 Clove Junction	Charlotte	NC	28299	7	https://images.generated.photos/kK6MMwZtguEnARj5cgJV5MNXDnz4qPOx5p2xvULSzN8/rs:fit:512:512/Z3M6Ly9nZW5lcmF0/ZWQtcGhvdG9zL3Yz/XzAzOTEwMzEuanBn.jpg
358	Davidson	Whates	Edgeify	Engineer I	6151747351	dwhates3z@tripadvisor.com	6 Waubesa Point	Memphis	TN	38104	3	https://images.generated.photos/FuRqM-RG3IRAlwYLzXz3LrH4ijYLDPLvHJSjOP1iGv0/rs:fit:512:512/Z3M6Ly9nZW5lcmF0/ZWQtcGhvdG9zL3Yz/XzAyOTE2MzguanBn.jpg
361	Devin	Armatidge	Tagopia	Nurse	2038710677	darmatidge42@discuz.net	22 Green Ridge Junction	New Haven	CT	06510	1	https://images.generated.photos/bnGfZLY0boX4bxBLIf06PcRsDT4WpQutH1UjHjD01a4/rs:fit:512:512/Z3M6Ly9nZW5lcmF0/ZWQtcGhvdG9zL3Yz/XzAwNDU4NzguanBn.jpg
362	Brendon	Dewer	Thoughtmix	Environmental Specialist	4071502985	bdewer43@who.int	61 Warrior Hill	Orlando	FL	32859	5	https://images.generated.photos/PKkM-Klp7vFtqcyRVIXrwdoilDNIDITxDioSbeX7Esc/rs:fit:512:512/Z3M6Ly9nZW5lcmF0/ZWQtcGhvdG9zL3Yz/XzAyMTkwMTQuanBn.jpg
368	Cullin	Agglio	Dabshots	Civil Engineer	6307811850	cagglio49@msn.com	5331 Beilfuss Alley	Naperville	IL	60567	9	https://images.generated.photos/XnnsamEzFae2j0tg5y9H02YfbVH_62bloV9vo7Lb9yM/rs:fit:512:512/Z3M6Ly9nZW5lcmF0/ZWQtcGhvdG9zL3Yz/XzAwOTc4MzQuanBn.jpg
371	Vasilis	Creany	Tagchat	Administrative Officer	7194392996	vcreany4c@apache.org	528 Clarendon Lane	Colorado Springs	CO	80925	1	https://images.generated.photos/O74uJwzBxJ9KvUn34skObfXrI9QAlN7T6-zwd5s3oto/rs:fit:512:512/Z3M6Ly9nZW5lcmF0/ZWQtcGhvdG9zL3Yz/XzA0MDQyOTkuanBn.jpg
384	Mohandis	Pole	Brainsphere	Research Assistant II	5611273461	mpole4p@google.nl	24 Dwight Road	Lake Worth	FL	33462	8	https://images.generated.photos/rY7xyVLtmuQZNbMGqXtVOFB9FtZ3Lsd7Y1RQ5tNlsF4/rs:fit:512:512/Z3M6Ly9nZW5lcmF0/ZWQtcGhvdG9zL3Yz/XzA3MzY0NzYuanBn.jpg
387	Fraser	Paulat	Oodoo	Senior Financial Analyst	3348742852	fpaulat4s@hhs.gov	753 Division Center	Montgomery	AL	36109	3	https://images.generated.photos/u5aMqj6nhL05Pr9oyZowhAVTE9o_5hyKHMNd83GX7eY/rs:fit:512:512/Z3M6Ly9nZW5lcmF0/ZWQtcGhvdG9zL3Yz/XzA1MzExNTUuanBn.jpg
390	Godart	Seeks	Livetube	Marketing Assistant	2028631612	gseeks4v@mac.com	7 Forest Trail	Washington	DC	20520	1	https://images.generated.photos/y-rHrBUOgfCCSQD2DbjFRvnLR1sCRUMhhFTMcJLkXO4/rs:fit:512:512/Z3M6Ly9nZW5lcmF0/ZWQtcGhvdG9zL3Yz/XzA5MzI5MTguanBn.jpg
391	Hillyer	Board	Jabberstorm	Research Assistant III	2605226511	hboard4w@npr.org	9 Granby Place	Fort Wayne	IN	46852	4	https://images.generated.photos/PItYhLHO2G1AYwlEMtbZSbS3GaZshcERh2ToU4AXHiA/rs:fit:512:512/Z3M6Ly9nZW5lcmF0/ZWQtcGhvdG9zL3Yz/XzAwNzE4NTYuanBn.jpg
392	Marco	Lammertz	Mydeo	Administrative Officer	5208078435	mlammertz4x@drupal.org	639 Elmside Crossing	Tucson	AZ	85737	4	https://images.generated.photos/7xTSg22Yp209H8FVLYnCFst8f8MDV-w9Fbwh_scesyQ/rs:fit:512:512/Z3M6Ly9nZW5lcmF0/ZWQtcGhvdG9zL3Yz/XzAzNzg5OTQuanBn.jpg
409	Fritz	Brambill	Skimia	Registered Nurse	2152981664	fbrambill5e@wisc.edu	7555 Sunbrook Avenue	Philadelphia	PA	19109	5	https://images.generated.photos/NjW6YZZG0o_X5rfTqzEqfhGXsCqOa6N6mtRTmpXDj1A/rs:fit:512:512/Z3M6Ly9nZW5lcmF0/ZWQtcGhvdG9zL3Yz/XzAzMjgzNDQuanBn.jpg
412	Klaus	Costar	Meembee	Civil Engineer	7729995905	kcostar5h@fc2.com	900 Upham Trail	Fort Pierce	FL	34981	3	https://images.generated.photos/iU8UIyzoz3DXZNPYkSVHi81IDgpPi4jj0n5gQj4z4Ys/rs:fit:512:512/Z3M6Ly9nZW5lcmF0/ZWQtcGhvdG9zL3Yz/XzA5ODU1MTMuanBn.jpg
416	Ariella	Brogioni	Skyble	Budget/Accounting Analyst I	3528431025	abrogioni5l@dot.gov	22291 Transport Pass	Gainesville	FL	32627	7	https://images.generated.photos/WbOHE_SuifBC-Th3jcn1nPAjHiR8GTHM-CN8cGPL8ng/rs:fit:512:512/Z3M6Ly9nZW5lcmF0/ZWQtcGhvdG9zL3Yz/XzAyOTQ2NzMuanBn.jpg
428	Dorette	Scholtis	Meezzy	Nurse Practicioner	7126503330	dscholtis5x@ebay.co.uk	1 Dunning Terrace	Sioux City	IA	51105	2	https://images.generated.photos/2GvNzMivneAIPAyb5WW5UeyMBCXkPG_L8jt8KckKI7c/rs:fit:512:512/Z3M6Ly9nZW5lcmF0/ZWQtcGhvdG9zL3Yz/XzAxODc2MjMuanBn.jpg
432	Erin	Welldrake	Abata	Junior Executive	5617128102	ewelldrake61@pagesperso-orange.fr	1 Amoth Junction	Boynton Beach	FL	33436	1	https://images.generated.photos/OqyCBPwxzWV3yN_CtR4VlzyuXYOVpoM9m4YL2V6xQS4/rs:fit:512:512/Z3M6Ly9nZW5lcmF0/ZWQtcGhvdG9zL3Yz/XzA3OTUwNDQuanBn.jpg
433	Blondy	Bunstone	Youbridge	Actuary	7194001631	bbunstone62@github.com	948 Doe Crossing Pass	Pueblo	CO	81010	3	https://images.generated.photos/tvRF1cwMg-ziGRtQ84JUHZNZm5qATwsdBgtHaGvyxZI/rs:fit:512:512/Z3M6Ly9nZW5lcmF0/ZWQtcGhvdG9zL3Yz/XzA3MjMzOTMuanBn.jpg
437	Pietra	Cowin	Innojam	Environmental Tech	7045363811	pcowin66@jimdo.com	224 Eagan Drive	Charlotte	NC	28284	3	https://images.generated.photos/ZRf9fUTnt5V0s1i6YW_KVsZVZ2GIyTJ_4PZqLPfBpg0/rs:fit:512:512/Z3M6Ly9nZW5lcmF0/ZWQtcGhvdG9zL3Yz/XzA2NDMzNDcuanBn.jpg
444	Abbie	McDonogh	Talane	Food Chemist	2607885014	amcdonogh6d@purevolume.com	066 Warrior Lane	Fort Wayne	IN	46852	4	https://images.generated.photos/ieh5K8kBhauX_9zvBSmItxOhjIzoTMSMnzjDCEsc0rE/rs:fit:512:512/Z3M6Ly9nZW5lcmF0/ZWQtcGhvdG9zL3Yz/XzA0MjI4MDIuanBn.jpg
446	Maddy	Canland	Zava	Programmer Analyst I	5712581841	mcanland6f@nbcnews.com	161 Boyd Court	Alexandria	VA	22313	3	https://images.generated.photos/jYz85vBCFJqqdwYFjg4-pTl2j9Bx4iAUdYVpASVN1fU/rs:fit:512:512/Z3M6Ly9nZW5lcmF0/ZWQtcGhvdG9zL3Yz/XzAxOTc1NjQuanBn.jpg
453	Barbi	MacGibbon	Topiclounge	Desktop Support Technician	4126534424	bmacgibbon6m@edublogs.org	81381 Sherman Center	Pittsburgh	PA	15235	10	https://images.generated.photos/NjBWTz_ALhyTNzOY-K741mQKxm_CFawxxzG9G8JApLk/rs:fit:512:512/Z3M6Ly9nZW5lcmF0/ZWQtcGhvdG9zL3Yz/XzA1NDk2MjguanBn.jpg
455	Codee	Bessom	Realmix	Environmental Tech	9037821467	cbessom6o@wikispaces.com	4 Kings Crossing	Longview	TX	75605	9	https://images.generated.photos/gA3jvmFcjvsF2GAqqAPm_hmeqPfHnlDuKVgqusAnzGc/rs:fit:512:512/Z3M6Ly9nZW5lcmF0/ZWQtcGhvdG9zL3Yz/XzAwNTcyODUuanBn.jpg
422	Corenda	Chalker	Ozu	Clinical Specialist	4155747020	cchalker5r@hatena.ne.jp	18335 Laurel Terrace	San Francisco	CA	94169	7	https://images.generated.photos/T5TsoYdzJFIfARnK1a0NCUNWHAO47QcIgLs8Q31mnKc/rs:fit:512:512/Z3M6Ly9nZW5lcmF0/ZWQtcGhvdG9zL3Yz/XzA5OTYxMzkuanBn.jpg
415	Worthington	Langman	Kwilith	Research Associate	2039939004	wlangman5k@simplemachines.org	1 Novick Junction	Danbury	CT	06816	9	https://images.generated.photos/qK9eZBBLMBym-5Ht7L6jjDayYHcG9X4cuf9Lj2pX9cg/rs:fit:512:512/Z3M6Ly9nZW5lcmF0/ZWQtcGhvdG9zL3Yz/XzAyODM0NTEuanBn.jpg
427	Patrizio	Maraga	Oba	Speech Pathologist	6195035796	pmaraga5w@unicef.org	57 Heath Parkway	San Diego	CA	92145	7	https://images.generated.photos/99fHO_v_boDwYMkhBH9RMOOKX05DkjIpj-VDkbkh5UU/rs:fit:512:512/Z3M6Ly9nZW5lcmF0/ZWQtcGhvdG9zL3Yz/XzA5NDk5MjQuanBn.jpg
430	Keen	Bussetti	Feedbug	Tax Accountant	4081303396	kbussetti5z@t-online.de	1824 Hollow Ridge Lane	San Jose	CA	95173	4	https://images.generated.photos/o1hNgfhfNYhXXknfyvld-NxKL_FTCJm9VvsRVyLtllA/rs:fit:512:512/Z3M6Ly9nZW5lcmF0/ZWQtcGhvdG9zL3Yz/XzA1MDU4MzguanBn.jpg
436	Hayyim	Colby	Blogtags	Engineer III	6788500257	hcolby65@t.co	9 Warbler Trail	Decatur	GA	30033	5	https://images.generated.photos/7dWe4YRLuBOmqCtyHy4uav2FtEhpVKOoIW9zQT3nxdU/rs:fit:512:512/Z3M6Ly9nZW5lcmF0/ZWQtcGhvdG9zL3Yz/XzA2MDQ3OTUuanBn.jpg
439	Boone	Swanton	Flashpoint	Quality Engineer	9416308157	bswanton68@digg.com	8673 Karstens Hill	Naples	FL	34108	8	https://images.generated.photos/CKbknKE8EtXkSi4XYuqXp4r_yeoTAfZTNTM1AJJVw9s/rs:fit:512:512/Z3M6Ly9nZW5lcmF0/ZWQtcGhvdG9zL3Yz/XzA5MDc0MTQuanBn.jpg
440	Shaughn	Gairdner	Meezzy	Software Consultant	7025338662	sgairdner69@goo.gl	9 Messerschmidt Center	Henderson	NV	89074	5	https://images.generated.photos/eKhJ74pgihb7ZgTcVeSPj46-y83JP8YimEYqmOn29QA/rs:fit:512:512/Z3M6Ly9nZW5lcmF0/ZWQtcGhvdG9zL3Yz/XzAwNzY3NzguanBn.jpg
447	Jamey	Kobierzycki	Buzzster	Actuary	5701699455	jkobierzycki6g@cargocollective.com	70061 Roth Crossing	Wilkes Barre	PA	18768	5	https://images.generated.photos/Sh3zPWkAQj5dJspEVEPOusFIZ2xZZ6Yhl3-VlV6bUTA/rs:fit:512:512/Z3M6Ly9nZW5lcmF0/ZWQtcGhvdG9zL3Yz/XzAxOTQ5MzUuanBn.jpg
421	Fabiano	Ruselin	Mita	Analyst Programmer	6177083005	fruselin5q@businesswire.com	262 Spenser Lane	Boston	MA	02109	4	https://images.generated.photos/d9-oAWNKn21CwiwZ5JWDFU_M6UZWY5I9qRCnsV-8kyw/rs:fit:512:512/Z3M6Ly9nZW5lcmF0/ZWQtcGhvdG9zL3Yz/XzA1NDQ3NTUuanBn.jpg
452	Hagan	Lidgate	Feedbug	Programmer Analyst II	9097121114	hlidgate6l@barnesandnoble.com	4 Continental Street	Riverside	CA	92505	7	https://images.generated.photos/T9qArM_MS7miVTs1x_Im_JBvjrtyo1OnPx0bOnn4LHg/rs:fit:512:512/Z3M6Ly9nZW5lcmF0/ZWQtcGhvdG9zL3Yz/XzA2OTgzMzguanBn.jpg
454	Ara	Gives	Demimbu	Database Administrator II	8059697263	agives6n@mapy.cz	17652 Pond Avenue	Simi Valley	CA	93094	1	https://images.generated.photos/oTDk1dalAstaIcfCz-8rkqSPEp9WRZFb2LawSF7z3Uo/rs:fit:512:512/Z3M6Ly9nZW5lcmF0/ZWQtcGhvdG9zL3Yz/XzAwOTQwNTMuanBn.jpg
424	Herman	Constanza	Rhynyx	Research Associate	5153536470	hconstanza5t@storify.com	73204 Sommers Alley	Des Moines	IA	50320	9	https://images.generated.photos/QFnkG_Be1xocQ42AmnuuB3b-0nrZuq7KLpxoSJK7u90/rs:fit:512:512/Z3M6Ly9nZW5lcmF0/ZWQtcGhvdG9zL3Yz/XzA1MDYxODQuanBn.jpg
473	Rivi	Ondrak	Thoughtsphere	Legal Assistant	7018355047	rondrak76@statcounter.com	065 Jenna Trail	Grand Forks	ND	58207	6	https://images.generated.photos/wvXn2sQFxBtmwB7LLqTvvwa-x_Eg4aiiNCRTeVKhGEM/rs:fit:512:512/Z3M6Ly9nZW5lcmF0/ZWQtcGhvdG9zL3Yz/XzAwNjEzNDQuanBn.jpg
474	Letty	Volleth	Ntag	Pharmacist	7573535162	lvolleth77@imdb.com	77708 East Alley	Virginia Beach	VA	23459	2	https://images.generated.photos/4f1Bhdk45DyerOSo-SqpXIpuLCSKMzQu4rDLxJytWlQ/rs:fit:512:512/Z3M6Ly9nZW5lcmF0/ZWQtcGhvdG9zL3Yz/XzA2MzU4MDYuanBn.jpg
475	Sianna	Jeremaes	Realcube	Senior Quality Engineer	9545532905	sjeremaes78@posterous.com	384 Warrior Junction	Miami	FL	33169	6	https://images.generated.photos/iOJdFAw1iw1cgOMh7NXmwECODnjKyAyFr5LYUf8rF5o/rs:fit:512:512/Z3M6Ly9nZW5lcmF0/ZWQtcGhvdG9zL3Yz/XzA1MzQ4OTEuanBn.jpg
479	Bren	Shawcroft	Ozu	Administrative Assistant III	5619163172	bshawcroft7c@eventbrite.com	3117 Katie Avenue	Boynton Beach	FL	33436	7	https://images.generated.photos/cqHRGc72tnjYuqPmEIozxg1CGwh5czTTvM87VZLm5W4/rs:fit:512:512/Z3M6Ly9nZW5lcmF0/ZWQtcGhvdG9zL3Yz/XzA4NDM1OTIuanBn.jpg
482	Lula	De Vries	Realcube	Geological Engineer	3605654306	ldevries7f@clickbank.net	36398 Westend Way	Seattle	WA	98121	9	https://images.generated.photos/WSrz2yicZbYA_tIqYhQtOKe6wcbwYkD_CTz1XM5u0gI/rs:fit:512:512/Z3M6Ly9nZW5lcmF0/ZWQtcGhvdG9zL3Yz/XzA0NDc5ODcuanBn.jpg
483	Euphemia	Sedgemore	Riffwire	Legal Assistant	4059919608	esedgemore7g@gravatar.com	39648 Erie Way	Oklahoma City	OK	73142	4	https://images.generated.photos/PtvwFUSF23mMzvTaT573EHvwH77whXFH0yuMUoQLz-A/rs:fit:512:512/Z3M6Ly9nZW5lcmF0/ZWQtcGhvdG9zL3Yz/XzA0OTc0NzMuanBn.jpg
488	Cassy	Ogden	Twitterwire	Safety Technician III	2027248669	cogden7l@delicious.com	275 Columbus Way	Washington	DC	20220	9	https://images.generated.photos/oJIJPOXJkPgmKzUxFLZ73fqRTwl_NFsDIh7RwraMGyw/rs:fit:512:512/Z3M6Ly9nZW5lcmF0/ZWQtcGhvdG9zL3Yz/XzA5Nzg3NDUuanBn.jpg
489	Dottie	Meller	Realpoint	Occupational Therapist	3527362118	dmeller7m@rambler.ru	5211 Merchant Circle	Brooksville	FL	34605	1	https://images.generated.photos/y_riXmZnCwDEbGHI1Zqug92-BwePAg2I5f6biXmB5J0/rs:fit:512:512/Z3M6Ly9nZW5lcmF0/ZWQtcGhvdG9zL3Yz/XzA3NTgxNTEuanBn.jpg
491	Katharina	Mitham	Camimbo	Media Manager IV	3057431546	kmitham7o@cloudflare.com	6771 Nevada Trail	Miami	FL	33134	1	https://images.generated.photos/xCcyg2G-u6_5cjuhyXF92A88nSlYgWeKcsQMu3NrgCA/rs:fit:512:512/Z3M6Ly9nZW5lcmF0/ZWQtcGhvdG9zL3Yz/XzA2NzA4NzAuanBn.jpg
492	Libby	Marval	Meedoo	Desktop Support Technician	9135696943	lmarval7p@purevolume.com	6 Ridgeview Terrace	Kansas City	KS	66160	1	https://images.generated.photos/szAHIvJndu32G2ON2ETxr38HBgy3C03bnGqluTpawhg/rs:fit:512:512/Z3M6Ly9nZW5lcmF0/ZWQtcGhvdG9zL3Yz/XzAyMzY2MTEuanBn.jpg
456	Terrell	Deluce	Talane	Professor	6197491935	tdeluce6p@instagram.com	90 Kennedy Parkway	San Diego	CA	92160	9	https://images.generated.photos/oMpfhFjUfvbc9BuAedEouOlzda7qBZSsfZOCAR-1zNU/rs:fit:512:512/Z3M6Ly9nZW5lcmF0/ZWQtcGhvdG9zL3Yz/XzAwMTk5OTMuanBn.jpg
460	Walker	Dorkin	Mymm	Nurse Practicioner	7863474771	wdorkin6t@merriam-webster.com	08926 Blue Bill Park Junction	Miami	FL	33129	1	https://images.generated.photos/RAUtahFBa1HnEmRDtzQSaOmUiQxrDgL6y5aaDQV7WMw/rs:fit:512:512/Z3M6Ly9nZW5lcmF0/ZWQtcGhvdG9zL3Yz/XzA3MzY4NzAuanBn.jpg
461	Winthrop	Sutterby	Skipstorm	Research Associate	9417013913	wsutterby6u@ucoz.com	568 Eagan Street	North Port	FL	34290	7	https://images.generated.photos/LDpW0hQaLkkYd7bQtLccOXmeA0PHWXYi2v5VRqBAPWc/rs:fit:512:512/Z3M6Ly9nZW5lcmF0/ZWQtcGhvdG9zL3Yz/XzA5OTUwMTAuanBn.jpg
462	Shelden	Giraux	Oyoloo	Legal Assistant	2022666971	sgiraux6v@yahoo.co.jp	09 Melrose Hill	Washington	DC	20244	8	https://images.generated.photos/315xauC1R1sGEUF0ar6ObfoW23jyP-k9bRhy-_VRBvA/rs:fit:512:512/Z3M6Ly9nZW5lcmF0/ZWQtcGhvdG9zL3Yz/XzA5MzM1NjguanBn.jpg
464	Heindrick	Silverman	Skippad	Marketing Assistant	3036115673	hsilverman6x@buzzfeed.com	3 Prairieview Road	Denver	CO	80204	3	https://images.generated.photos/dERy1usIFdTbjfqUkQAhP7KVdL1EOvMQ4AcM7buEXcM/rs:fit:512:512/Z3M6Ly9nZW5lcmF0/ZWQtcGhvdG9zL3Yz/XzAwNTgzODMuanBn.jpg
476	Bondy	Hotton	Centimia	Account Coordinator	4101505329	bhotton79@youtu.be	3 International Park	Baltimore	MD	21216	9	https://images.generated.photos/rXdEWeC1cExcUz4hF062Wyjqw3MJPK00wo6OA-V08Wg/rs:fit:512:512/Z3M6Ly9nZW5lcmF0/ZWQtcGhvdG9zL3Yz/XzA1MTk3MTUuanBn.jpg
478	Arnaldo	Le Bosse	Trilith	Sales Associate	3231361951	alebosse7b@goo.gl	3 Schiller Trail	Los Angeles	CA	90076	3	https://images.generated.photos/fANZyPWU_CsLoEMdq19buS6J110BqSEmykBzNngB1w4/rs:fit:512:512/Z3M6Ly9nZW5lcmF0/ZWQtcGhvdG9zL3Yz/XzA1NzA3MjIuanBn.jpg
480	Alon	Bonnell	Quinu	VP Quality Control	5101693828	abonnell7d@woothemes.com	21 Tomscot Pass	Berkeley	CA	94712	10	https://images.generated.photos/yKGP1nc_eH-Fiw5V3uGBvfT7e-Ph1aqnCltf0-nnJkI/rs:fit:512:512/Z3M6Ly9nZW5lcmF0/ZWQtcGhvdG9zL3Yz/XzA5Nzk5OTQuanBn.jpg
481	Tyson	Bootes	Demizz	VP Accounting	7659738649	tbootes7e@g.co	33492 Meadow Vale Point	Crawfordsville	IN	47937	10	https://images.generated.photos/x8T0wbWFW8Ana0pZj1Pk1KVSbb1awMhWRjJZrUF8KaI/rs:fit:512:512/Z3M6Ly9nZW5lcmF0/ZWQtcGhvdG9zL3Yz/XzAyNDE0NjEuanBn.jpg
497	Barton	Kilby	Mynte	Civil Engineer	6516562312	bkilby7u@mapquest.com	75 4th Way	Saint Paul	MN	55188	9	https://images.generated.photos/U6Mq4JIjcZ0x1KyN7uUOJriw7lXJ0mqSrYrkLsHfuQs/rs:fit:512:512/Z3M6Ly9nZW5lcmF0/ZWQtcGhvdG9zL3Yz/XzA1MjQyMjYuanBn.jpg
501	Shelley	Panks	Twinder	Programmer I	4139753546	spanks7y@hubpages.com	09 Morning Pass	Springfield	MA	01129	4	https://images.generated.photos/IWyu26a0qR-mpGTMjwTnzJqD6EDbMGuYqt6OjQesRUg/rs:fit:512:512/Z3M6Ly9nZW5lcmF0/ZWQtcGhvdG9zL3Yz/XzAzOTYyOTMuanBn.jpg
502	Stanley	Woodrow	Kwilith	VP Sales	4085954262	swoodrow7z@xing.com	2464 Havey Way	San Jose	CA	95138	9	https://images.generated.photos/cuX3fyMAoM3MxGrahrK7-XRuWv6A-PZC0P09nY4gbdo/rs:fit:512:512/Z3M6Ly9nZW5lcmF0/ZWQtcGhvdG9zL3Yz/XzAwMzc3NDkuanBn.jpg
503	Robinson	Frowde	Oyoyo	Food Chemist	9035026439	rfrowde80@irs.gov	242 Towne Center	Longview	TX	75605	8	https://images.generated.photos/943d9hjHDz6x2owmTi-gEwIWnXdjoZ0ISqQnnoqOQiQ/rs:fit:512:512/Z3M6Ly9nZW5lcmF0/ZWQtcGhvdG9zL3Yz/XzA2NTUyOTQuanBn.jpg
218	Maxwell	Deble	Pixoboo	Electrical Engineer	5185353213	mdeble3@sogou.com	15917 Arrowood Park	Albany	NY	12210	9	https://images.generated.photos/hqarE7poRmSWJjJOolH6shrTbC8SqNc6E2VTuC31w_o/rs:fit:512:512/Z3M6Ly9nZW5lcmF0/ZWQtcGhvdG9zL3Yz/XzA0MzM5NzMuanBn.jpg
225	Nealson	Joynson	Roomm	Assistant Media Planner	9048046807	njoynsona@thetimes.co.uk	9 Graceland Avenue	Jacksonville	FL	32277	3	https://images.generated.photos/I7d3KJDgA8M1xn74odwNwG21M7mt5pSdafv6f9TVVSw/rs:fit:512:512/Z3M6Ly9nZW5lcmF0/ZWQtcGhvdG9zL3Yz/XzA0MzU0NzMuanBn.jpg
216	Jeramey	Mutch	Blogtags	Health Coach IV	6098480283	jmutch1@earthlink.net	276 Holy Cross Park	Trenton	NJ	08603	8	https://images.generated.photos/QwQLClhIgH7gbvw9BnbKTXaEGwvGFkeQzJ6GTq2FL7I/rs:fit:512:512/Z3M6Ly9nZW5lcmF0/ZWQtcGhvdG9zL3Yz/XzAxNjI3MzQuanBn.jpg
229	Bruis	MacPhaden	Blognation	VP Quality Control	3165649913	bmacphadene@craigslist.org	967 Crescent Oaks Parkway	Wichita	KS	67230	3	https://images.generated.photos/fDsMChibxBDo0Ba4QcORmqbtGOJwns5ibuDGI_tJQOs/rs:fit:512:512/Z3M6Ly9nZW5lcmF0/ZWQtcGhvdG9zL3Yz/XzAwMjQ0NTUuanBn.jpg
230	Meier	Cambden	Yozio	Accountant III	3048922800	mcambdenf@tinypic.com	17766 David Pass	Huntington	WV	25721	5	https://images.generated.photos/EqbHNF1O0TH62vSvexPX57AtbBlslk2GX1nuuuFgQkE/rs:fit:512:512/Z3M6Ly9nZW5lcmF0/ZWQtcGhvdG9zL3Yz/XzAxMzA3MDMuanBn.jpg
233	Zackariah	Hurling	Gabcube	Pharmacist	6145622515	zhurlingi@yellowbook.com	90 Ludington Alley	Columbus	OH	43284	8	https://images.generated.photos/scGDq9xNMSK7W0sjK8Pk0BZ-IaLqoScdH4v58UlC4Ic/rs:fit:512:512/Z3M6Ly9nZW5lcmF0/ZWQtcGhvdG9zL3Yz/XzAzNDc5NDkuanBn.jpg
234	Ber	Bertomier	Eayo	Data Coordiator	5123774965	bbertomierj@w3.org	99514 Birchwood Crossing	Austin	TX	78759	7	https://images.generated.photos/H39d4JdNatX06RUL5GrpPc3snURhN200wr-6pgUwgFc/rs:fit:512:512/Z3M6Ly9nZW5lcmF0/ZWQtcGhvdG9zL3Yz/XzAxMjA4NzAuanBn.jpg
247	Geri	Figger	Trunyx	Recruiting Manager	8501910741	gfiggerw@a8.net	65 Stone Corner Park	Pensacola	FL	32526	6	https://images.generated.photos/e7LZ13qczHhXh2X6xAZpOGN0soP7aRS8KNQzx4pvZPM/rs:fit:512:512/Z3M6Ly9nZW5lcmF0/ZWQtcGhvdG9zL3Yz/XzA5ODgwODcuanBn.jpg
248	Travus	Crookshanks	Demivee	Project Manager	6267292780	tcrookshanksx@chicagotribune.com	38038 Springs Avenue	Pasadena	CA	91125	7	https://images.generated.photos/EaF58wCd-clLu9__1acJBRlbqd4nZxUU3e80EMxk594/rs:fit:512:512/Z3M6Ly9nZW5lcmF0/ZWQtcGhvdG9zL3Yz/XzAwNjM2MjYuanBn.jpg
251	Thane	Hoolaghan	Avamba	Design Engineer	4056670320	thoolaghan10@163.com	644 Meadow Ridge Court	Oklahoma City	OK	73179	1	https://images.generated.photos/nujIQotyYgSQP8wPuVgMktzSP8nCGnd5wiXdK11TbcQ/rs:fit:512:512/Z3M6Ly9nZW5lcmF0/ZWQtcGhvdG9zL3Yz/XzA1MDU0MTkuanBn.jpg
255	Shaun	Harraway	Mudo	Pharmacist	5021632491	sharraway14@hc360.com	59 Eagan Center	Louisville	KY	40266	5	https://images.generated.photos/fWaYMx9g8cSO8Aq06vTYrp5m-P-XUVvj6E7KLWxziBA/rs:fit:512:512/Z3M6Ly9nZW5lcmF0/ZWQtcGhvdG9zL3Yz/XzAxNDYwMTAuanBn.jpg
258	Stanton	Riley	Babbleset	Developer I	7273561422	sriley17@goodreads.com	8328 Badeau Junction	Saint Petersburg	FL	33742	6	https://images.generated.photos/KUCnsvip6-dKWTUUFl9bd6MHm_Mys4nZpimMUQJ7szQ/rs:fit:512:512/Z3M6Ly9nZW5lcmF0/ZWQtcGhvdG9zL3Yz/XzAwNjQxNzMuanBn.jpg
261	Hans	Jordan	Muxo	Office Assistant II	9521683909	hjordan1a@blinklist.com	27982 Gulseth Point	Maple Plain	MN	55579	1	https://images.generated.photos/dSZvmw0GxdPncJ7jxF4946bJA4LWcBnNy2n2c0ACkLk/rs:fit:512:512/Z3M6Ly9nZW5lcmF0/ZWQtcGhvdG9zL3Yz/XzA2Mzc2MTAuanBn.jpg
262	Emilio	Fardon	Layo	Quality Control Specialist	8182801965	efardon1b@plala.or.jp	97452 Mcguire Avenue	Van Nuys	CA	91406	5	https://images.generated.photos/_WBvIFumoDiE5iPWQl83tiF0H7N5yErnZjSnEjvL6d0/rs:fit:512:512/Z3M6Ly9nZW5lcmF0/ZWQtcGhvdG9zL3Yz/XzAwMTMxMDMuanBn.jpg
263	Gifford	Smoote	Bubblebox	Administrative Officer	6782434264	gsmoote1c@msn.com	4 Everett Way	Atlanta	GA	30328	1	https://images.generated.photos/sgQ7dMJjcj5BRDLSdQKVpbco8MJkQf6nlCpZoJujecI/rs:fit:512:512/Z3M6Ly9nZW5lcmF0/ZWQtcGhvdG9zL3Yz/XzA2MTAzNzkuanBn.jpg
265	Jamie	Randalson	Talane	Nurse	6152033970	jrandalson1e@about.com	08 Lerdahl Court	Nashville	TN	37228	6	https://images.generated.photos/hCHhB1aGkhvjHWujYe6NBYhfuQpWrxTI1If4SDBdMj4/rs:fit:512:512/Z3M6Ly9nZW5lcmF0/ZWQtcGhvdG9zL3Yz/XzAyODczODMuanBn.jpg
266	Vincenty	Belliveau	Mycat	Senior Developer	9013689195	vbelliveau1f@sourceforge.net	242 Gina Avenue	Memphis	TN	38119	6	https://images.generated.photos/kFUOPbunqDFLfoGHA4CFzYMwz-7XLr00VY5oZcLUxRI/rs:fit:512:512/Z3M6Ly9nZW5lcmF0/ZWQtcGhvdG9zL3Yz/XzAzMDYzMDUuanBn.jpg
272	Dex	Sans	Babbleblab	Internal Auditor	8064318819	dsans1l@hugedomains.com	04 Grayhawk Avenue	Amarillo	TX	79118	8	https://images.generated.photos/J7NzI49TL8Tm_2HEIX33TZw82ZmCKfxePptWdtLDn4c/rs:fit:512:512/Z3M6Ly9nZW5lcmF0/ZWQtcGhvdG9zL3Yz/XzAxMTAzMjkuanBn.jpg
273	Bary	Bricksey	Topicshots	Civil Engineer	9526763357	bbricksey1m@slashdot.org	20 Bellgrove Crossing	Young America	MN	55573	4	https://images.generated.photos/pgxCYWuIwnXOVlPQoGwWbj_ME5hoNQt-c7Nt1sI7gn4/rs:fit:512:512/Z3M6Ly9nZW5lcmF0/ZWQtcGhvdG9zL3Yz/XzA0MjM0MjkuanBn.jpg
275	Javier	Westoff	Rhynoodle	Actuary	2034168673	jwestoff1o@seattletimes.com	8563 Golden Leaf Hill	Fairfield	CT	06825	6	https://images.generated.photos/YZql9yt8pN2LEDUDBJbSzHmHBUlgY3l-rr49a3RmOOA/rs:fit:512:512/Z3M6Ly9nZW5lcmF0/ZWQtcGhvdG9zL3Yz/XzAxNTI1NDIuanBn.jpg
276	Gage	Titford	Yodo	Payment Adjustment Coordinator	5034759248	gtitford1p@1und1.de	4 Maryland Hill	Beaverton	OR	97075	9	https://images.generated.photos/P_0F_4iYKUrTS1yiTXos8AGgmgfaMEGGvzcGT1LSPhI/rs:fit:512:512/Z3M6Ly9nZW5lcmF0/ZWQtcGhvdG9zL3Yz/XzAyNzUwNTMuanBn.jpg
509	Eduardo	Choppen	Ailane	Web Designer II	3034870414	echoppen86@behance.net	9 Algoma Road	Littleton	CO	80126	5	https://images.generated.photos/lH3w_Hpye7lpJye6PjKxqWY_LlQgsBFXDipfUMU688A/rs:fit:512:512/Z3M6Ly9nZW5lcmF0/ZWQtcGhvdG9zL3Yz/XzA5MjEwMTkuanBn.jpg
510	Hillary	Nester	Livepath	Design Engineer	8141406510	hnester87@smugmug.com	5 Paget Avenue	Erie	PA	16550	9	https://images.generated.photos/salHiHlXNf958jKjhsWGpgWqMkh5H9SvPzGetM3RqcU/rs:fit:512:512/Z3M6Ly9nZW5lcmF0/ZWQtcGhvdG9zL3Yz/XzA3NzAwNTEuanBn.jpg
513	Shem	Golder	Tambee	Systems Administrator IV	4084163381	sgolder8a@jiathis.com	99 Jay Parkway	San Jose	CA	95173	8	https://images.generated.photos/9Z0hL642GgCnP7oLagZS6PaoNqdprxcTklx_mOTowKk/rs:fit:512:512/Z3M6Ly9nZW5lcmF0/ZWQtcGhvdG9zL3Yz/XzAwMzAwNzEuanBn.jpg
278	Richardo	Stit	Katz	Nurse Practicioner	2394965666	rstit1r@webmd.com	000 Westend Alley	Naples	FL	34102	9	https://images.generated.photos/lw4f4CSft3TuJIe_cEg6G78gGoBRefHPYIvw9KjjMfA/rs:fit:512:512/Z3M6Ly9nZW5lcmF0/ZWQtcGhvdG9zL3Yz/XzA1MTQxNTYuanBn.jpg
285	Morris	Menicomb	Leexo	Nuclear Power Engineer	2187811988	mmenicomb1y@twitpic.com	74 Briar Crest Point	Duluth	MN	55805	8	https://images.generated.photos/2nlsGZS6ceAwaZHIrJtbQSlfAgb3daDaZDGQiwk6o6Y/rs:fit:512:512/Z3M6Ly9nZW5lcmF0/ZWQtcGhvdG9zL3Yz/XzA0Mjc1OTkuanBn.jpg
279	Georges	Perillo	Rhybox	Biostatistician III	4046922406	gperillo1s@mediafire.com	733 Hollow Ridge Hill	Atlanta	GA	31190	5	https://images.generated.photos/KDpBBNM9vruQhjQbMS_ldK7yMmG0BLpdvEcFybheA1Q/rs:fit:512:512/Z3M6Ly9nZW5lcmF0/ZWQtcGhvdG9zL3Yz/XzAzNjUxNzguanBn.jpg
283	Vittorio	Stillwell	Dynabox	Structural Analysis Engineer	7021591530	vstillwell1w@hexun.com	98 8th Court	Las Vegas	NV	89110	2	https://images.generated.photos/ozI1xVVYBVrkZbMxk3RCf73qYmgpdTsw8kUWw5QYUfg/rs:fit:512:512/Z3M6Ly9nZW5lcmF0/ZWQtcGhvdG9zL3Yz/XzAxNTUzNDIuanBn.jpg
307	Sanderson	Webley	Shuffletag	Tax Accountant	8085776221	swebley2k@biblegateway.com	0 Northland Terrace	Honolulu	HI	96850	3	https://images.generated.photos/6gusxN71VYuQPSC4mth2xO_jB1-VUQ3zYnkCUgwj2Co/rs:fit:512:512/Z3M6Ly9nZW5lcmF0/ZWQtcGhvdG9zL3Yz/XzA5ODY0MTUuanBn.jpg
386	Vivienne	Witheford	Livetube	Safety Technician II	7195743381	vwitheford4r@51.la	3 Commercial Junction	Colorado Springs	CO	80905	1	https://images.generated.photos/ARZOI3jSUltIY19ouD8mrvWi3lvQCC8iez8xCZFBO5Q/rs:fit:512:512/Z3M6Ly9nZW5lcmF0/ZWQtcGhvdG9zL3Yz/XzA3OTcyMzkuanBn.jpg
395	Morgana	Tort	Leenti	Electrical Engineer	9071729385	mtort50@ucoz.ru	4612 Forest Junction	Anchorage	AK	99522	10	https://images.generated.photos/GngTjIJsRqhUOHhC1zMnjzAqgFrLxWd1ZcXtcl9h-Q0/rs:fit:512:512/Z3M6Ly9nZW5lcmF0/ZWQtcGhvdG9zL3Yz/XzAxODA5NDAuanBn.jpg
411	Diane-marie	Acomb	Kazio	Database Administrator II	8645127834	dacomb5g@live.com	854 Novick Parkway	Greenville	SC	29610	9	https://images.generated.photos/mPaCIqyVjC073rA2s07uS_lSK-f02F0sI3LW6VhUZ4Q/rs:fit:512:512/Z3M6Ly9nZW5lcmF0/ZWQtcGhvdG9zL3Yz/XzA5MTA0NDQuanBn.jpg
495	Saree	Semmence	Gabvine	Environmental Specialist	3043802036	ssemmence7s@mayoclinic.com	4 Novick Pass	Huntington	WV	25721	3	https://images.generated.photos/A6EquhfKKE7TsCBz3757xlQsyCZ8QaJw1IXBVX3K4eo/rs:fit:512:512/Z3M6Ly9nZW5lcmF0/ZWQtcGhvdG9zL3Yz/XzA0Mzg5MzcuanBn.jpg
284	Locke	Kennady	Meevee	Desktop Support Technician	7146362875	lkennady1x@meetup.com	86910 Susan Junction	San Jose	CA	95128	1	https://images.generated.photos/xreWKW_LfMX9VPvAQZo_22J14KcObhusTNo-45wQSHY/rs:fit:512:512/Z3M6Ly9nZW5lcmF0/ZWQtcGhvdG9zL3Yz/XzAzNzIyMDAuanBn.jpg
396	Sarine	Blackney	Tagchat	Programmer Analyst I	7043949948	sblackney51@mac.com	18314 Hayes Lane	Charlotte	NC	28247	5	https://images.generated.photos/jCGUuH8TxWTWXYqZXx837H9NgI_NQo-EjReuGgTu15w/rs:fit:512:512/Z3M6Ly9nZW5lcmF0/ZWQtcGhvdG9zL3Yz/XzAwMjY0MjAuanBn.jpg
504	Merola	Ambrosoni	Blogtags	Nurse Practicioner	6159999339	mambrosoni81@intel.com	8 Warner Circle	Nashville	TN	37235	8	https://images.generated.photos/dzeYmN9DGNVbPgFkuSn9x7-nAS1-NB6PlQl-CA_qAxE/rs:fit:512:512/Z3M6Ly9nZW5lcmF0/ZWQtcGhvdG9zL3Yz/XzA4NzQ4NTYuanBn.jpg
286	Rees	Greenstead	Dabjam	Assistant Media Planner	9122402675	rgreenstead1z@reference.com	2 Eastwood Avenue	Macon	GA	31217	3	https://images.generated.photos/ijIQiIlOAYZaejSC7cK-cR91K_z0e92mv4KgIKgSYwA/rs:fit:512:512/Z3M6Ly9nZW5lcmF0/ZWQtcGhvdG9zL3Yz/XzA0NjEwNjcuanBn.jpg
312	Raynor	Mansell	Brainlounge	Professor	7756229036	rmansell2p@amazon.de	01560 Moose Plaza	Reno	NV	89519	6	https://images.generated.photos/oQMWEe37FsN_rEBDUY2QPppgM7JuzTTqtTyARP68Cag/rs:fit:512:512/Z3M6Ly9nZW5lcmF0/ZWQtcGhvdG9zL3Yz/XzAxMTcwMDAuanBn.jpg
413	Ivy	Elener	Zoomlounge	Safety Technician I	7148269317	ielener5i@redcross.org	3684 Algoma Park	Garden Grove	CA	92645	10	https://images.generated.photos/MC9LjkAx7_vwwWRtfdlbpzNiwsfWDheu_FdhtPN2cm0/rs:fit:512:512/Z3M6Ly9nZW5lcmF0/ZWQtcGhvdG9zL3Yz/XzAwNDMyNDEuanBn.jpg
425	Peyter	Matitiaho	Yakitri	Environmental Specialist	8045139278	pmatitiaho5u@cisco.com	21 Fordem Crossing	Richmond	VA	23203	10	https://images.generated.photos/b0Oy3SDDerREsxyd_3ucSJ-4ilh5GUouhnx16-ZWk2Y/rs:fit:512:512/Z3M6Ly9nZW5lcmF0/ZWQtcGhvdG9zL3Yz/XzAyMTcwMTQuanBn.jpg
443	Quincey	Cousens	Kwilith	Marketing Manager	8135163095	qcousens6c@marriott.com	96 Dottie Court	Zephyrhills	FL	33543	7	https://images.generated.photos/NNe7nIOVUWdTqNApn4rNKZiaKHV9ZuPRje1OFODJadY/rs:fit:512:512/Z3M6Ly9nZW5lcmF0/ZWQtcGhvdG9zL3Yz/XzA1NjQ4NjEuanBn.jpg
305	Luis	Bedinham	Quamba	Staff Scientist	4041134438	lbedinham2i@wiley.com	7233 Vermont Pass	Atlanta	GA	30343	10	https://images.generated.photos/lvgA-0CK3m2QcI_GnloqmVy9z5iAraOcSFx3Lkjyz8s/rs:fit:512:512/Z3M6Ly9nZW5lcmF0/ZWQtcGhvdG9zL3Yz/XzA1NDU3ODkuanBn.jpg
314	Davin	Sember	Livetube	Electrical Engineer	8137880448	dsember2r@theatlantic.com	5835 Talisman Alley	Tampa	FL	33605	5	https://images.generated.photos/78iIIoThGBESY2mRyjnfk-rxkvzSuh3SLqZ063bQ748/rs:fit:512:512/Z3M6Ly9nZW5lcmF0/ZWQtcGhvdG9zL3Yz/XzA4NzgyOTcuanBn.jpg
327	Lauren	Gossage	Linkbuzz	Food Chemist	5715724206	lgossage34@artisteer.com	02 Riverside Pass	Alexandria	VA	22333	1	https://images.generated.photos/LbPHI7OvRp27-Rr3hKp5U5r-Je7ExoYarpNEsSGUeKM/rs:fit:512:512/Z3M6Ly9nZW5lcmF0/ZWQtcGhvdG9zL3Yz/XzA3ODI1MzEuanBn.jpg
355	Reginald	Arnaudet	Voomm	Environmental Tech	4139151424	rarnaudet3w@china.com.cn	1 Hazelcrest Circle	Springfield	MA	01114	8	https://images.generated.photos/D8MvB0k_AYwoxPwTBvYPAUfRKOtgurw-8CXaftDpgH8/rs:fit:512:512/Z3M6Ly9nZW5lcmF0/ZWQtcGhvdG9zL3Yz/XzA4ODYxNDguanBn.jpg
426	Rainer	Aspden	Blogtag	Analyst Programmer	6194561083	raspden5v@msu.edu	45 Graceland Street	San Diego	CA	92165	3	https://images.generated.photos/XEw02qHbIx8h1xBCPaICKIrqXmySonoh1U2_6HSQhQk/rs:fit:512:512/Z3M6Ly9nZW5lcmF0/ZWQtcGhvdG9zL3Yz/XzAzNjkwNjIuanBn.jpg
431	Brok	Sollett	Twitterwire	Statistician I	4043880094	bsollett60@ameblo.jp	804 Bonner Junction	Atlanta	GA	30343	7	https://images.generated.photos/Evm2he3Z4tixOXcjE0rB59P_CBpRC3cBWd30xsPKqyI/rs:fit:512:512/Z3M6Ly9nZW5lcmF0/ZWQtcGhvdG9zL3Yz/XzA0NzkzNDkuanBn.jpg
441	Arne	Redhole	Bluezoom	Staff Accountant III	5102484063	aredhole6a@ca.gov	929 Londonderry Parkway	Berkeley	CA	94712	2	https://images.generated.photos/P_4YWzqG5sqnJwLDW9C19El7II7jQ75AgRGrunt4dXA/rs:fit:512:512/Z3M6Ly9nZW5lcmF0/ZWQtcGhvdG9zL3Yz/XzAwMDEyMDUuanBn.jpg
449	Benedikt	Tavernor	Minyx	Information Systems Manager	2027429629	btavernor6i@bbb.org	98 Amoth Place	Washington	DC	20268	2	https://images.generated.photos/4p6ls3jSEu_GWluwk7bumTORf2vmEj6w_wOK_UMSQkQ/rs:fit:512:512/Z3M6Ly9nZW5lcmF0/ZWQtcGhvdG9zL3Yz/XzA0MTQ5NDIuanBn.jpg
471	Gard	Cronchey	Vitz	Registered Nurse	4193005164	gcronchey74@seattletimes.com	94800 Union Pass	Toledo	OH	43635	4	https://images.generated.photos/EYm7ac3JyrbFnoNC3KgeZ6cdlC0ZXtePUhrOKruolm8/rs:fit:512:512/Z3M6Ly9nZW5lcmF0/ZWQtcGhvdG9zL3Yz/XzA1NzEyNjQuanBn.jpg
499	Onofredo	Joanic	Flashdog	Help Desk Operator	5711198764	ojoanic7w@loc.gov	9821 Eagan Court	Arlington	VA	22212	1	https://images.generated.photos/r3ixXYm4x5IK-VjrAyEsi1l0CBuxPNonQ81B-lKT8Z0/rs:fit:512:512/Z3M6Ly9nZW5lcmF0/ZWQtcGhvdG9zL3Yz/XzAwNzEyNTkuanBn.jpg
514	Faulkner	Della	Skimia	Assistant Professor	5136101744	fdella8b@dailymail.co.uk	522 Quincy Drive	Cincinnati	OH	45264	10	https://images.generated.photos/tooUH32OgA_kL9cvu2-ZLSkU4W6EIfURiyF8c41pVmc/rs:fit:512:512/Z3M6Ly9nZW5lcmF0/ZWQtcGhvdG9zL3Yz/XzA4MzY4MjAuanBn.jpg
219	Lorie	Worsham	Realcube	Mechanical Systems Engineer	7852424315	lworsham4@imdb.com	623 Barnett Plaza	Topeka	KS	66699	1	https://images.generated.photos/feNakrSIkVhx2SfNbUayyo5C04rYxFb3r5FKBj8LOOo/rs:fit:512:512/Z3M6Ly9nZW5lcmF0/ZWQtcGhvdG9zL3Yz/XzA1MjIzOTEuanBn.jpg
242	Micheline	Banister	Wikibox	Software Engineer II	6152414076	mbanisterr@gizmodo.com	00936 Maywood Road	Nashville	TN	37240	2	https://images.generated.photos/Y1dchBmzeeIGOx949yoRKEw-dYslsnsGLjhPt3KZHuk/rs:fit:512:512/Z3M6Ly9nZW5lcmF0/ZWQtcGhvdG9zL3Yz/XzA3MzMyNTMuanBn.jpg
254	Emmalee	Dugald	Realcube	Statistician IV	7343858033	edugald13@amazonaws.com	5017 Hagan Avenue	Ann Arbor	MI	48107	2	https://images.generated.photos/4IQdhmc51XLKHj4ENKXZLBQNndscKTamIr6YUvCrkS0/rs:fit:512:512/Z3M6Ly9nZW5lcmF0/ZWQtcGhvdG9zL3Yz/XzAxMDU2NDEuanBn.jpg
287	Trudy	Ellsom	Roombo	Accountant I	4051552620	tellsom20@dagondesign.com	81 Holmberg Center	Oklahoma City	OK	73197	5	https://images.generated.photos/jyS9D-TnjhCbOdVK4qMaLvQEvz5IQ3I0NaNNSsxSp9Q/rs:fit:512:512/Z3M6Ly9nZW5lcmF0/ZWQtcGhvdG9zL3Yz/XzA4NTUxMzYuanBn.jpg
313	Lise	Baelde	Livetube	Developer III	2059137597	lbaelde2q@abc.net.au	0975 Sage Plaza	Birmingham	AL	35236	1	https://images.generated.photos/HIx7RKx1Gi4uzwny1ZIdL1rkC7HvelrpBDmRRggYgEs/rs:fit:512:512/Z3M6Ly9nZW5lcmF0/ZWQtcGhvdG9zL3Yz/XzAwMTc1MzUuanBn.jpg
329	Ebeneser	Escolme	Eabox	Software Consultant	3012454073	eescolme36@usnews.com	8 Nobel Plaza	Bethesda	MD	20892	1	https://images.generated.photos/9rQBPDqgCOnv_kWKsyQj4yZywK9PR0sfmIeTso2bdsw/rs:fit:512:512/Z3M6Ly9nZW5lcmF0/ZWQtcGhvdG9zL3Yz/XzA3NzI4MTUuanBn.jpg
336	Devland	Morpeth	Mycat	Nuclear Power Engineer	4012217722	dmorpeth3d@51.la	8 Welch Crossing	Providence	RI	02905	10	https://images.generated.photos/w5SX8Oq2jgy9trxJ2qY_sV7f9YYGcUiR333gwqNS9U4/rs:fit:512:512/Z3M6Ly9nZW5lcmF0/ZWQtcGhvdG9zL3Yz/XzAzNjE5OTguanBn.jpg
356	Ruperto	Leirmonth	Rhycero	Librarian	2537391588	rleirmonth3x@sohu.com	9725 Jana Park	Tacoma	WA	98481	5	https://images.generated.photos/KTKLYLz1cSi_rkZtTeLGMjdXy96etYBR6WlF9Lrb2kE/rs:fit:512:512/Z3M6Ly9nZW5lcmF0/ZWQtcGhvdG9zL3Yz/XzAxNTI5NzYuanBn.jpg
376	Hillier	Lewson	Wordtune	VP Accounting	7066257006	hlewson4h@google.es	7 Packers Street	Augusta	GA	30905	10	https://images.generated.photos/Be17L9dKLp1qSVy7OagiKIKJSwvyAxUZgXRYHKvIAJ4/rs:fit:512:512/Z3M6Ly9nZW5lcmF0/ZWQtcGhvdG9zL3Yz/XzA5MjU2NTYuanBn.jpg
397	Josias	Aindrais	Skippad	Engineer IV	7076786386	jaindrais52@adobe.com	80325 Bluejay Trail	Petaluma	CA	94975	3	https://images.generated.photos/9vT5QwM68-p1EEXUC0CzLbEglx-Kgqu3VFRaJozjuaA/rs:fit:512:512/Z3M6Ly9nZW5lcmF0/ZWQtcGhvdG9zL3Yz/XzA5NzYwMTkuanBn.jpg
418	Stanford	Coverley	Vidoo	Editor	9184850235	scoverley5n@histats.com	3 Westend Drive	Tulsa	OK	74103	6	https://images.generated.photos/G6kiLwW3fLWc3DP2_r9-j2cH0AWCMhsgwshEXF1MjUQ/rs:fit:512:512/Z3M6Ly9nZW5lcmF0/ZWQtcGhvdG9zL3Yz/XzA0ODEyNTkuanBn.jpg
235	Arluene	Stork	Zoombox	Junior Executive	7347223949	astorkk@jiathis.com	616 Welch Point	Detroit	MI	48258	8	https://images.generated.photos/I-wutkcOfaVrGMZPN_cU8WKcWH7igK1iQ2qRNBWbt6E/rs:fit:512:512/Z3M6Ly9nZW5lcmF0/ZWQtcGhvdG9zL3Yz/XzA3NjgxMjIuanBn.jpg
239	Margalit	Plenderleith	Kaymbo	Social Worker	7027831834	mplenderleitho@umich.edu	4791 Onsgard Pass	Las Vegas	NV	89110	5	https://images.generated.photos/D05y7Hiwuiwvk3Wg8riKCd-9R50sYZF96ogPFY6-Odg/rs:fit:512:512/Z3M6Ly9nZW5lcmF0/ZWQtcGhvdG9zL3Yz/XzAzOTgzMDkuanBn.jpg
253	Shell	Fanner	Meevee	Financial Advisor	2145747887	sfanner12@archive.org	18702 Welch Parkway	Dallas	TX	75392	2	https://images.generated.photos/MhYIw7ZcyyPoa2fMbb6pHEiSw7rs29B9ysca6CDa0fE/rs:fit:512:512/Z3M6Ly9nZW5lcmF0/ZWQtcGhvdG9zL3Yz/XzA0NzY3MjguanBn.jpg
270	Jennine	Wank	Youopia	Structural Engineer	9041600524	jwank1j@ovh.net	33 Mcguire Avenue	Jacksonville	FL	32220	9	https://images.generated.photos/-lxszmmqjprNQcUU9lRGLmNIjCYIVKkN77aORmX-hzs/rs:fit:512:512/Z3M6Ly9nZW5lcmF0/ZWQtcGhvdG9zL3Yz/XzA1MjQ3NDYuanBn.jpg
330	Tom	Santos	Oyoyo	Chemical Engineer	2396348167	tsantos37@bandcamp.com	3550 Monica Avenue	Fort Myers	FL	33994	2	https://images.generated.photos/t4clx1AgBd-888BDZ0vHnFPqPoFqMqBoKoU5Nb5-454/rs:fit:512:512/Z3M6Ly9nZW5lcmF0/ZWQtcGhvdG9zL3Yz/XzA0MTQ4NDkuanBn.jpg
337	Dana	Lapre	Thoughtblab	Human Resources Assistant III	6618662685	dlapre3e@ucoz.com	33465 Mitchell Avenue	Burbank	CA	91520	5	https://images.generated.photos/QQVQgD1lu-77f9FbnRhVl9KiYJ6A6drhFQvo5uvrNqs/rs:fit:512:512/Z3M6Ly9nZW5lcmF0/ZWQtcGhvdG9zL3Yz/XzAyNTYwMTcuanBn.jpg
419	Ferris	Dadge	Skinder	Associate Professor	9714708164	fdadge5o@msu.edu	39 Dryden Circle	Portland	OR	97240	3	https://images.generated.photos/4S7eBIE2ah7YqamHbq3J_8ORfFX7wE0ihh45OxEfjqk/rs:fit:512:512/Z3M6Ly9nZW5lcmF0/ZWQtcGhvdG9zL3Yz/XzAyOTU2MDguanBn.jpg
442	Kristopher	Bratten	Dynabox	Engineer III	5017914881	kbratten6b@nasa.gov	4688 Hagan Place	North Little Rock	AR	72118	4	https://images.generated.photos/uKJU7OZJHviFE_KR0lDi2OsSOWflQ-awSf0uSvi_s8Y/rs:fit:512:512/Z3M6Ly9nZW5lcmF0/ZWQtcGhvdG9zL3Yz/XzAwOTc5MzUuanBn.jpg
450	Morrie	Higginbottam	Jatri	Pharmacist	4697061546	mhigginbottam6j@reverbnation.com	3 Northwestern Place	Garland	TX	75044	10	https://images.generated.photos/4RNM6JI6kKx__QIT3ysq8RrrBaB54u1klw7KV1N5gxg/rs:fit:512:512/Z3M6Ly9nZW5lcmF0/ZWQtcGhvdG9zL3Yz/XzA0NTIzNjMuanBn.jpg
466	Padget	Hadaway	Quatz	Automation Specialist III	4148338465	phadaway6z@merriam-webster.com	1404 Golf Plaza	Milwaukee	WI	53225	4	https://images.generated.photos/cKeCjL82a9HfIgIlvOeBUsSU6ZYANU_hdcSOOiKFaac/rs:fit:512:512/Z3M6Ly9nZW5lcmF0/ZWQtcGhvdG9zL3Yz/XzAzMjU2OTIuanBn.jpg
236	Corabella	Gullick	Blogpad	Web Developer I	2536152825	cgullickl@netlog.com	5 Transport Crossing	Tacoma	WA	98447	1	https://images.generated.photos/f5_oa2mas1u1cqYeSXYp4PepDlWvSPB_xYy_4hDhddI/rs:fit:512:512/Z3M6Ly9nZW5lcmF0/ZWQtcGhvdG9zL3Yz/XzA0MTk2MzUuanBn.jpg
306	Clotilda	Alenshev	Topicshots	Design Engineer	3017164799	calenshev2j@ycombinator.com	7 Vermont Street	Hyattsville	MD	20784	10	https://images.generated.photos/twCHhsdi3izPYceyfmJ42Uot2Kcxe7KvGsi8qmiBq9w/rs:fit:512:512/Z3M6Ly9nZW5lcmF0/ZWQtcGhvdG9zL3Yz/XzA3Njc3MDUuanBn.jpg
320	Benjamin	Udden	Dabvine	Safety Technician IV	8645038219	budden2x@deviantart.com	352 Stuart Drive	Anderson	SC	29625	4	https://images.generated.photos/xJmgsLkpxOJNO4vvUn72WEOvDZwFDG1s4Ik08jkO-Nw/rs:fit:512:512/Z3M6Ly9nZW5lcmF0/ZWQtcGhvdG9zL3Yz/XzAwODUzNTIuanBn.jpg
357	Igor	Matusovsky	Topicware	Associate Professor	2608566137	imatusovsky3y@cisco.com	06729 Pawling Avenue	Fort Wayne	IN	46867	6	https://images.generated.photos/s-xb510APY0Or_0Ia_-_qtchYtbELB75urarYOg45r8/rs:fit:512:512/Z3M6Ly9nZW5lcmF0/ZWQtcGhvdG9zL3Yz/XzA5Njc5MDUuanBn.jpg
377	Simone	Maddison	Cogilith	Systems Administrator I	7866901083	smaddison4i@ibm.com	92 Tennessee Pass	Hialeah	FL	33013	4	https://images.generated.photos/DkkwtE2eWi0MrSvoaISwS3Wfw65oLjr3-AQQvHkARr4/rs:fit:512:512/Z3M6Ly9nZW5lcmF0/ZWQtcGhvdG9zL3Yz/XzAzNTEzNDQuanBn.jpg
404	Powell	Hebbes	Fivebridge	Statistician III	2132301380	phebbes59@nydailynews.com	45 Chinook Plaza	Los Angeles	CA	90010	8	https://images.generated.photos/lRFLRMlGcFgiIiWCDWnV2XcdxwKzO80CkwJYb0bKryI/rs:fit:512:512/Z3M6Ly9nZW5lcmF0/ZWQtcGhvdG9zL3Yz/XzA1ODMzMzkuanBn.jpg
420	Lanny	Brands	Wikido	Senior Developer	6156317769	lbrands5p@twitter.com	38 Sugar Park	Murfreesboro	TN	37131	6	https://images.generated.photos/2K7rRUvAi_XktPOyb-EsegMbB2AhmM8Og5X4lvI08iU/rs:fit:512:512/Z3M6Ly9nZW5lcmF0/ZWQtcGhvdG9zL3Yz/XzAyMjQzODkuanBn.jpg
238	Kaitlyn	Gowlett	Jaloo	Quality Control Specialist	3014784352	kgowlettn@ask.com	23 Pine View Lane	Rockville	MD	20851	10	https://images.generated.photos/4oLgFol5PzoBSBYUcYm5oVwSWKCNo76EmdJjZKkYBX0/rs:fit:512:512/Z3M6Ly9nZW5lcmF0/ZWQtcGhvdG9zL3Yz/XzA3OTc3OTcuanBn.jpg
311	Dorette	Mayers	Yata	Physical Therapy Assistant	6193355208	dmayers2o@sciencedaily.com	72 Fair Oaks Way	San Diego	CA	92137	2	https://images.generated.photos/TCi0pm89Jx8_S_-fhy9Zr7PxoCuFI7x5lK8okFPQOs0/rs:fit:512:512/Z3M6Ly9nZW5lcmF0/ZWQtcGhvdG9zL3Yz/XzA3NzM0OTQuanBn.jpg
339	Jorgan	Salla	Plajo	Tax Accountant	9128490717	jsalla3g@comsenz.com	6177 Green Ridge Parkway	Savannah	GA	31410	8	https://images.generated.photos/l37qa9AWxElogTZ9Mu-_8OdfKyShbEH54B-SEB70HgQ/rs:fit:512:512/Z3M6Ly9nZW5lcmF0/ZWQtcGhvdG9zL3Yz/XzAxNzY5ODYuanBn.jpg
348	Larry	Senner	Linktype	Financial Analyst	5859006050	lsenner3p@naver.com	4705 International Junction	Rochester	NY	14604	7	https://images.generated.photos/ZYbV522YyVivZteG3PioaL3d_qDTBq_HiCzgjNE5dKc/rs:fit:512:512/Z3M6Ly9nZW5lcmF0/ZWQtcGhvdG9zL3Yz/XzA3NDkwNjUuanBn.jpg
372	Martino	Scyone	Skivee	Financial Analyst	4254207415	mscyone4d@gnu.org	7 Hoard Drive	Kent	WA	98042	1	https://images.generated.photos/h-yja2nZsykIYxP1sZYcRyKyVDD8DyW16LEdAtHuEg4/rs:fit:512:512/Z3M6Ly9nZW5lcmF0/ZWQtcGhvdG9zL3Yz/XzAzNjM1ODAuanBn.jpg
405	Frasquito	Bestall	Trupe	Safety Technician IV	6121304260	fbestall5a@webeden.co.uk	0 Jackson Pass	Saint Paul	MN	55127	4	https://images.generated.photos/ytt7pm6P_XvWY2Qau0YbKbntOu76U03Tk_FClyqfQ7M/rs:fit:512:512/Z3M6Ly9nZW5lcmF0/ZWQtcGhvdG9zL3Yz/XzA2MjA4MDkuanBn.jpg
451	Francklin	Caulder	JumpXS	Computer Systems Analyst III	9038068568	fcaulder6k@tinypic.com	2440 Dottie Center	Tyler	TX	75799	1	https://images.generated.photos/9qVrwXX1ItwXh57_rUSUAEZFIbHcU1dZgHaQ_uhwosA/rs:fit:512:512/Z3M6Ly9nZW5lcmF0/ZWQtcGhvdG9zL3Yz/XzAzMTE3MjAuanBn.jpg
221	Sheilakathryn	Revell	Aimbo	VP Product Management	4012501318	srevell6@angelfire.com	67297 Transport Way	Providence	RI	02912	6	https://images.generated.photos/zZXmQxCiCDIWR8VLLWpf-EFbxewWrmFbCauSjcJnOK8/rs:fit:512:512/Z3M6Ly9nZW5lcmF0/ZWQtcGhvdG9zL3Yz/XzA2NjEwMDAuanBn.jpg
308	Charmain	Conn	Pixonyx	Senior Editor	3365690571	cconn2l@ucla.edu	60288 Cordelia Junction	Greensboro	NC	27415	2	https://images.generated.photos/sJOEfBkwV5r4MIn18L6_LhC53JksAkNzcspNtg5BcO8/rs:fit:512:512/Z3M6Ly9nZW5lcmF0/ZWQtcGhvdG9zL3Yz/XzA1NDYzOTcuanBn.jpg
321	Marvin	Condell	Pixoboo	Geologist II	7181194328	mcondell2y@jimdo.com	54399 Calypso Park	Brooklyn	NY	11225	4	https://images.generated.photos/mia0QwtBM87MgXF_mJosNSQlPAxnb1q1sv5VKSQG9II/rs:fit:512:512/Z3M6Ly9nZW5lcmF0/ZWQtcGhvdG9zL3Yz/XzA4NDQxNzguanBn.jpg
374	Beauregard	Whopples	Yotz	Director of Sales	9042811757	bwhopples4f@qq.com	39 Emmet Park	Jacksonville	FL	32204	6	https://images.generated.photos/AN5m55QrkUovUkjHff8a18qLWIAdVFVa4-bIufQ8XiM/rs:fit:512:512/Z3M6Ly9nZW5lcmF0/ZWQtcGhvdG9zL3Yz/XzA2NDk5ODYuanBn.jpg
414	Matthieu	Scullin	Yombu	Physical Therapy Assistant	2051260556	mscullin5j@blinklist.com	0 Jana Plaza	Birmingham	AL	35210	7	https://images.generated.photos/vqNWz1UVwr8SJt6s6yv9iozS5bIoZGcf1VXPJhq2hqQ/rs:fit:512:512/Z3M6Ly9nZW5lcmF0/ZWQtcGhvdG9zL3Yz/XzAwMDA5OTIuanBn.jpg
469	Richmond	Oxtoby	Topiczoom	VP Quality Control	3128187181	roxtoby72@freewebs.com	1093 Carioca Way	Chicago	IL	60697	10	https://images.generated.photos/MLJ3nzMJCVrLXaD2AfIGljjBjk9dMhUixXEuSm6hncI/rs:fit:512:512/Z3M6Ly9nZW5lcmF0/ZWQtcGhvdG9zL3Yz/XzA5MTcwNTMuanBn.jpg
490	Tobe	Klimentov	Teklist	Research Nurse	5092321956	tklimentov7n@un.org	8905 Hermina Hill	Spokane	WA	99215	2	https://images.generated.photos/V6ztMqDMRTpmVgPOrd-Cdq5B0hku2-4LvYtcSuviGh4/rs:fit:512:512/Z3M6Ly9nZW5lcmF0/ZWQtcGhvdG9zL3Yz/XzAzNjAyNzkuanBn.jpg
512	Anson	Bastard	Wordtune	Business Systems Development Analyst	5615253070	abastard89@tripadvisor.com	58187 Darwin Place	Lake Worth	FL	33467	8	https://images.generated.photos/dW_f0sYbD3IA6sXQR19x0CvBLGC2VDX_3psSr7P4SXo/rs:fit:512:512/Z3M6Ly9nZW5lcmF0/ZWQtcGhvdG9zL3Yz/XzAxNzk1MDUuanBn.jpg
222	Samantha	Dron	Twimbo	Administrative Assistant I	2122401332	sdron7@thetimes.co.uk	325 Hoffman Crossing	Brooklyn	NY	11247	10	https://images.generated.photos/97UD-X2D1qvWWuvAP0nLIXHSP6zJsSBDdD1EaE9BEpQ/rs:fit:512:512/Z3M6Ly9nZW5lcmF0/ZWQtcGhvdG9zL3Yz/XzA1ODQ1MzguanBn.jpg
259	Marris	Casellas	Twinder	Dental Hygienist	5185287089	mcasellas18@etsy.com	0676 Burrows Crossing	Albany	NY	12242	10	https://images.generated.photos/LsiPEKnqzX4yzAvCdzsTGt2o4y1zlY5w0HmW5IQmWDQ/rs:fit:512:512/Z3M6Ly9nZW5lcmF0/ZWQtcGhvdG9zL3Yz/XzAzNzI5MzMuanBn.jpg
281	Jolynn	Clemon	Bubblemix	Nurse	6011466646	jclemon1u@rakuten.co.jp	016 Manufacturers Junction	Hattiesburg	MS	39404	9	https://images.generated.photos/hoMjXGbNhpBbXy7vtO_XRYcnfwPtQMwqABe1zCuSKy0/rs:fit:512:512/Z3M6Ly9nZW5lcmF0/ZWQtcGhvdG9zL3Yz/XzA2NzgzMDkuanBn.jpg
310	Bunny	Sandon	Babblestorm	Project Manager	6165137985	bsandon2n@istockphoto.com	75105 Hagan Court	Grand Rapids	MI	49544	5	https://images.generated.photos/ZVVjEv7zygygravZJlIAXotU6syJ-IY8GAtfqao44A4/rs:fit:512:512/Z3M6Ly9nZW5lcmF0/ZWQtcGhvdG9zL3Yz/XzA4ODA0MTMuanBn.jpg
322	Errick	Orris	Twimm	Statistician III	6511513791	eorris2z@sogou.com	8 Chive Court	Saint Paul	MN	55166	3	https://images.generated.photos/icidPm-1L3Za6rNx1Q6SHHtvzfpGtQ9Bdy8PBxtUws4/rs:fit:512:512/Z3M6Ly9nZW5lcmF0/ZWQtcGhvdG9zL3Yz/XzA0MDc4NzEuanBn.jpg
378	Delainey	Byfford	Gabvine	Programmer Analyst IV	2126239928	dbyfford4j@spiegel.de	31 Harbort Crossing	New York City	NY	10039	4	https://images.generated.photos/MhYegZShaRyCoKpkkRTQb0fAcXm2Z7oJaU9DrPFNj84/rs:fit:512:512/Z3M6Ly9nZW5lcmF0/ZWQtcGhvdG9zL3Yz/XzAyNDQ5MTkuanBn.jpg
472	Bartlet	Donnel	Quimba	Actuary	5613079093	bdonnel75@blinklist.com	4 Green Ridge Point	Lake Worth	FL	33467	1	https://images.generated.photos/nSTtV0_i4ZZ6W70VAPFovJ-GYkzKMGbEub8VVM6VEXs/rs:fit:512:512/Z3M6Ly9nZW5lcmF0/ZWQtcGhvdG9zL3Yz/XzA1NzM4MzMuanBn.jpg
500	Dallas	Bullough	Youspan	Media Manager III	4808648129	dbullough7x@over-blog.com	252 Bunting Lane	Mesa	AZ	85205	2	https://images.generated.photos/xfZyjzIAMfl9N-zM2ex8sllWRM6EFMQz-ynHZBPf8Y8/rs:fit:512:512/Z3M6Ly9nZW5lcmF0/ZWQtcGhvdG9zL3Yz/XzA4MDA3MjkuanBn.jpg
257	Billi	Tembey	Mynte	Nurse	7193682930	btembey16@hatena.ne.jp	43228 Melvin Drive	Pueblo	CO	81010	2	https://images.generated.photos/OVEXT3S5OHe0tC4VARg-K-kdk0leuYIffP04wztqn7g/rs:fit:512:512/Z3M6Ly9nZW5lcmF0/ZWQtcGhvdG9zL3Yz/XzAyMDYxNDEuanBn.jpg
274	Lorain	Autin	Minyx	Computer Systems Analyst I	8509807724	lautin1n@rediff.com	6 Hooker Pass	Tallahassee	FL	32309	8	https://images.generated.photos/mMgrfBMhaIgrqIjBvUUYNuetD8RAWE7E7NUWJ_gmaos/rs:fit:512:512/Z3M6Ly9nZW5lcmF0/ZWQtcGhvdG9zL3Yz/XzAxNTc2MjAuanBn.jpg
375	Burch	Wytchard	Youopia	Help Desk Technician	2605867883	bwytchard4g@tmall.com	77030 Sullivan Junction	Fort Wayne	IN	46857	3	https://images.generated.photos/HCOdkvM__uKjbeXGFFqswE4XsUxuFfMtZe1b5ZOdxEM/rs:fit:512:512/Z3M6Ly9nZW5lcmF0/ZWQtcGhvdG9zL3Yz/XzA1MDEzMDguanBn.jpg
494	Tanner	Winsper	Buzzster	Research Associate	3361793052	twinsper7r@dyndns.org	26 Russell Center	Greensboro	NC	27415	4	https://images.generated.photos/SrEP7RjuqnBkJOnSrn_yLtA0hnYChj2TuTbWt_mLP8o/rs:fit:512:512/Z3M6Ly9nZW5lcmF0/ZWQtcGhvdG9zL3Yz/XzA3MDUwODIuanBn.jpg
271	Kirstyn	Gemlbett	Flipstorm	Systems Administrator III	9159099617	kgemlbett1k@last.fm	08 Warner Circle	El Paso	TX	79999	9	https://images.generated.photos/gdTfhT5NOwSoYDyvt7cmz2-OWFVtLp-s8a3nH89pn_M/rs:fit:512:512/Z3M6Ly9nZW5lcmF0/ZWQtcGhvdG9zL3Yz/XzA0Mjg0MTEuanBn.jpg
382	Radcliffe	Avramov	Edgeblab	Senior Financial Analyst	2817848896	ravramov4n@vistaprint.com	94348 Hollow Ridge Lane	Houston	TX	77020	4	https://images.generated.photos/vtR9dPuACIHg_9pT4VpDLy24hFyJ8y7-s0gZiuVxYHk/rs:fit:512:512/Z3M6Ly9nZW5lcmF0/ZWQtcGhvdG9zL3Yz/XzAxMzgxMzQuanBn.jpg
399	Petr	Werner	LiveZ	Research Associate	8137499492	pwerner54@wsj.com	3 4th Street	Tampa	FL	33615	4	https://images.generated.photos/DLEdNVNnIj_jE8LYuOm4sK8umGs8ygihbSOQyol_w08/rs:fit:512:512/Z3M6Ly9nZW5lcmF0/ZWQtcGhvdG9zL3Yz/XzAzODkzMzkuanBn.jpg
282	Carina	Killingworth	Voonix	Financial Advisor	6143873393	ckillingworth1v@altervista.org	364 Derek Trail	Columbus	OH	43215	2	https://images.generated.photos/Lz0xrvm53D1HlUgECUFENIKGGNf-7paZhI-Bb3aRNaw/rs:fit:512:512/Z3M6Ly9nZW5lcmF0/ZWQtcGhvdG9zL3Yz/XzA4ODUxNjcuanBn.jpg
402	Sloan	Gearing	Dabvine	Assistant Media Planner	6029866559	sgearing57@xinhuanet.com	273 Dwight Point	Glendale	AZ	85305	2	https://images.generated.photos/EM_LWLjLBrF1mltAFLcWEQC3curVzgVTWObEex2YM8M/rs:fit:512:512/Z3M6Ly9nZW5lcmF0/ZWQtcGhvdG9zL3Yz/XzA5NjY5NDAuanBn.jpg
292	Minda	Frazier	Leenti	VP Marketing	3168316611	mfrazier25@biblegateway.com	47 Duke Alley	Wichita	KS	67236	1	https://images.generated.photos/gFXIM-EIb7CdhHIffOOYlB_eIzRCldwAfrUOR43r674/rs:fit:512:512/Z3M6Ly9nZW5lcmF0/ZWQtcGhvdG9zL3Yz/XzAyMjEzODcuanBn.jpg
417	Delores	Laughlin	Rhyloo	Budget/Accounting Analyst I	2132967148	dlaughlin5m@exblog.jp	3 Namekagon Point	Los Angeles	CA	90081	7	https://images.generated.photos/GWPJWTDKYxTUw-TZMcgNSxRZIo6YfzEBEVcSOUis-CE/rs:fit:512:512/Z3M6Ly9nZW5lcmF0/ZWQtcGhvdG9zL3Yz/XzA4NzY2MjEuanBn.jpg
435	Anstice	Braidley	Pixope	Tax Accountant	4025611052	abraidley64@mediafire.com	2964 Farwell Plaza	Omaha	NE	68164	2	https://images.generated.photos/tXKx3yH5_PJw09_Z4cVaaQCwq2weEYzDDR4r4B-iYBY/rs:fit:512:512/Z3M6Ly9nZW5lcmF0/ZWQtcGhvdG9zL3Yz/XzA1NjM0MDkuanBn.jpg
470	Hestia	Breagan	Yakitri	Nurse Practicioner	8437509358	hbreagan73@microsoft.com	22 Haas Alley	Charleston	SC	29411	6	https://images.generated.photos/oqLZH88k4WP3npuo1efSHzcYUVS1QTPkn_dnp-L98BI/rs:fit:512:512/Z3M6Ly9nZW5lcmF0/ZWQtcGhvdG9zL3Yz/XzAwOTc0MzQuanBn.jpg
484	Berny	Vamplew	Quatz	Web Developer II	2034181848	bvamplew7h@alexa.com	83529 Ronald Regan Park	Stamford	CT	06905	10	https://images.generated.photos/KMCvDmtNGhFFDvbkFW2itA6zu_ywf0OIUQPOZN4tn6k/rs:fit:512:512/Z3M6Ly9nZW5lcmF0/ZWQtcGhvdG9zL3Yz/XzA2MTkyNzguanBn.jpg
332	Clementina	Jales	Roodel	Information Systems Manager	8188413574	cjales39@amazon.co.jp	23 Buena Vista Place	Los Angeles	CA	90071	6	https://images.generated.photos/tx1mWKW7KLoCVwpnJCerl2SlAbRUgZX2ZexrU5Jwdgc/rs:fit:512:512/Z3M6Ly9nZW5lcmF0/ZWQtcGhvdG9zL3Yz/XzAyOTEzMDcuanBn.jpg
367	Agnesse	Roark	Wikido	Software Test Engineer III	8162387843	aroark48@live.com	80 Farmco Way	Kansas City	MO	64149	7	https://images.generated.photos/PlnKe_xvmcRDndKqyUb-IDuBEnwsiQE6vxbn2-rJcX0/rs:fit:512:512/Z3M6Ly9nZW5lcmF0/ZWQtcGhvdG9zL3Yz/XzAyMTU4NjIuanBn.jpg
429	Alex	McKerton	Leexo	Payment Adjustment Coordinator	4698549341	amckerton5y@google.es	3141 Fieldstone Circle	Garland	TX	75044	9	https://images.generated.photos/ZyxfA9iBOAWO84JXp2NPb776RuZx2sl4jF-DcAqPAHg/rs:fit:512:512/Z3M6Ly9nZW5lcmF0/ZWQtcGhvdG9zL3Yz/XzAxMzYwNjMuanBn.jpg
448	Nicolle	Elix	Skibox	Web Designer III	8658513048	nelix6h@google.com.hk	948 Warner Junction	Knoxville	TN	37914	6	https://images.generated.photos/bbXsHyNPtgV7NjVtNMD7NUFPy9q0eqzg8WRPWwMgoTY/rs:fit:512:512/Z3M6Ly9nZW5lcmF0/ZWQtcGhvdG9zL3Yz/XzA5MDAwNTMuanBn.jpg
463	Sheilakathryn	Gladtbach	Riffpedia	Product Engineer	5098176465	sgladtbach6w@sbwire.com	1 Rigney Plaza	Spokane	WA	99252	2	https://images.generated.photos/4tJvWFx8by29VMLkvasar0bAQDwEqZoB-P6PboPBVLA/rs:fit:512:512/Z3M6Ly9nZW5lcmF0/ZWQtcGhvdG9zL3Yz/XzA0OTA3MjIuanBn.jpg
496	Colleen	Minkin	BlogXS	Financial Analyst	6142136689	cminkin7t@usgs.gov	92 Park Meadow Avenue	Columbus	OH	43220	8	https://images.generated.photos/d6003e2NLd7L98k4nNAZ4YpHzofJ8V73mSseGBZ0_Ms/rs:fit:512:512/Z3M6Ly9nZW5lcmF0/ZWQtcGhvdG9zL3Yz/XzA2Mjc0NTkuanBn.jpg
511	Lanny	Melbury	Quaxo	Financial Advisor	2101062295	lmelbury88@webs.com	111 Coolidge Alley	San Antonio	TX	78220	7	https://images.generated.photos/h58a5kgqAzuEJ-c-vx0bg_fLLRtQoN1la5q5ZE_LtQc/rs:fit:512:512/Z3M6Ly9nZW5lcmF0/ZWQtcGhvdG9zL3Yz/XzA2NTM0OTEuanBn.jpg
318	Laurianne	Pert	Riffpath	Assistant Media Planner	6182100641	lpert2v@soundcloud.com	5508 Moland Center	East Saint Louis	IL	62205	10	https://images.generated.photos/vhsN7rnJrsX5G-sOmZ_8Tzeuz6QhsPAHAftfCRM98Qg/rs:fit:512:512/Z3M6Ly9nZW5lcmF0/ZWQtcGhvdG9zL3Yz/XzA4MjQ2ODguanBn.jpg
343	Ethelind	Thornton-Dewhirst	Miboo	Software Consultant	4078941370	ethorntondewhirst3k@home.pl	7965 Hermina Court	Orlando	FL	32868	8	https://images.generated.photos/61-JuLlnZymso_KEp5zEaz3ZpO-a2HfdxfnRIkIFrd8/rs:fit:512:512/Z3M6Ly9nZW5lcmF0/ZWQtcGhvdG9zL3Yz/XzAyMDkyMDkuanBn.jpg
365	Janice	Carlyon	Oozz	Recruiter	2141936072	jcarlyon46@clickbank.net	808 Helena Center	Dallas	TX	75358	2	https://images.generated.photos/E-gP_cruYXmO1PkB_BBrIFaZBadljxtHvxPG7Q8IoNI/rs:fit:512:512/Z3M6Ly9nZW5lcmF0/ZWQtcGhvdG9zL3Yz/XzA2ODc5OTguanBn.jpg
379	Crista	Sturdy	Kazio	Structural Analysis Engineer	6033113500	csturdy4k@123-reg.co.uk	689 Manitowish Trail	Portsmouth	NH	03804	8	https://images.generated.photos/AlqtlessBaCeWmacWBBP-Va0kXVXcM87b1cSEkNQ1hw/rs:fit:512:512/Z3M6Ly9nZW5lcmF0/ZWQtcGhvdG9zL3Yz/XzA4NDM3NzIuanBn.jpg
408	Valerye	Penburton	Fadeo	Assistant Manager	6052402069	vpenburton5d@elegantthemes.com	02810 Monterey Trail	Sioux Falls	SD	57105	5	https://images.generated.photos/nSHbSpTnduEWEz1tRFqoe1xH9yEaoFSunhyV6yZJEVo/rs:fit:512:512/Z3M6Ly9nZW5lcmF0/ZWQtcGhvdG9zL3Yz/XzA0MzkyMjQuanBn.jpg
434	Nert	De Laci	Feedmix	VP Product Management	5713800617	ndelaci63@cmu.edu	1168 Sheridan Court	Ashburn	VA	22093	9	https://images.generated.photos/2VzqVPfPGtKmV16UXHgak8YuCHSFKJCg-f2rYhCJ1Bo/rs:fit:512:512/Z3M6Ly9nZW5lcmF0/ZWQtcGhvdG9zL3Yz/XzA2OTE1NTUuanBn.jpg
459	Domeniga	Binny	Blogtags	Quality Engineer	3108759539	dbinny6s@npr.org	364 Declaration Plaza	San Francisco	CA	94105	1	https://images.generated.photos/lf7lvFn-J6SZG99ZVf0aY1LeLG9S51m-OKNUQVWAftY/rs:fit:512:512/Z3M6Ly9nZW5lcmF0/ZWQtcGhvdG9zL3Yz/XzAzOTY2NzQuanBn.jpg
465	Yolanthe	Rawsthorn	Youspan	Senior Cost Accountant	3181157454	yrawsthorn6y@washingtonpost.com	139 Scoville Way	Monroe	LA	71213	6	https://images.generated.photos/65ij-HLj_KN2S25zMVqyyvRQkc4ohQ-PDm9HrjBlrJ8/rs:fit:512:512/Z3M6Ly9nZW5lcmF0/ZWQtcGhvdG9zL3Yz/XzA4ODY0NDYuanBn.jpg
507	Cecile	Howel	Livetube	Safety Technician II	9173459132	chowel84@domainmarket.com	9 Homewood Circle	Brooklyn	NY	11231	1	https://images.generated.photos/BoVso53653CkdBNK_-1_3y0hhJlQ6uLE2AjmzWg2kU0/rs:fit:512:512/Z3M6Ly9nZW5lcmF0/ZWQtcGhvdG9zL3Yz/XzA0NjQwOTkuanBn.jpg
341	Rivi	Tailby	Rhynoodle	Executive Secretary	9077954402	rtailby3i@telegraph.co.uk	942 Magdeline Road	Juneau	AK	99812	6	https://images.generated.photos/cAnCmEKQRGsu9Y04DbfwydntIrAasJu7I6H8_MPp2xA/rs:fit:512:512/Z3M6Ly9nZW5lcmF0/ZWQtcGhvdG9zL3Yz/XzA0OTY1ODguanBn.jpg
360	Mead	Ciobotaro	Flipstorm	Sales Associate	9733188608	mciobotaro41@github.io	8920 Fulton Hill	Paterson	NJ	07505	4	https://images.generated.photos/Cw3fgqgGs4zdSxgr09e6rZvYOC6gxkPYFa1dfQB4y3s/rs:fit:512:512/Z3M6Ly9nZW5lcmF0/ZWQtcGhvdG9zL3Yz/XzAzNjMzMTUuanBn.jpg
383	Beckie	Scoyles	Katz	Research Assistant III	5715963116	bscoyles4o@usatoday.com	1977 Clyde Gallagher Lane	Alexandria	VA	22333	10	https://images.generated.photos/N-wOx3tFIJd2eWyy8naa6GLWnSrD6btLnn13UZZNTFY/rs:fit:512:512/Z3M6Ly9nZW5lcmF0/ZWQtcGhvdG9zL3Yz/XzA3MDExNjIuanBn.jpg
438	Lurlene	Bote	Edgeclub	Editor	2542229697	lbote67@baidu.com	635 Grasskamp Alley	Gatesville	TX	76598	9	https://images.generated.photos/yxqDf7Ie9x7buCDV8GvLfrgY0hARg7iulamvzazPWnQ/rs:fit:512:512/Z3M6Ly9nZW5lcmF0/ZWQtcGhvdG9zL3Yz/XzA5ODIyOTEuanBn.jpg
457	Ada	Kores	Riffwire	Accounting Assistant I	3213854771	akores6q@seattletimes.com	34 Hermina Court	Melbourne	FL	32941	4	https://images.generated.photos/n2OZkHnKIMU0BWxyvGZKamJaT1ww02GLLI4Ha8BgLFQ/rs:fit:512:512/Z3M6Ly9nZW5lcmF0/ZWQtcGhvdG9zL3Yz/XzAxNjYwOTAuanBn.jpg
467	Lanita	Westhoff	Twinte	Computer Systems Analyst I	8174310060	lwesthoff70@yahoo.com	5 Montana Park	Fort Worth	TX	76134	9	https://images.generated.photos/DspRZQg7a5Ridz8lSnzrgkbGVuAuFGFDkeb6noRJymU/rs:fit:512:512/Z3M6Ly9nZW5lcmF0/ZWQtcGhvdG9zL3Yz/XzAyMTg0ODkuanBn.jpg
487	Perrine	Kyttor	Cogibox	Paralegal	4197605930	pkyttor7k@europa.eu	59845 Texas Point	Toledo	OH	43699	10	https://images.generated.photos/Eb7oCjNW48K2Y40TIGjt8w3nESgUlUXA34Xfp--ELz0/rs:fit:512:512/Z3M6Ly9nZW5lcmF0/ZWQtcGhvdG9zL3Yz/XzAzNTE0NDIuanBn.jpg
319	Ermina	Phelan	Wordpedia	Occupational Therapist	8125169706	ephelan2w@nba.com	259 Duke Place	Terre Haute	IN	47805	5	https://images.generated.photos/JYsFIt2uIBuBjJ2KGSfi6Aru_wOfPBkK-TCSEPdd5YE/rs:fit:512:512/Z3M6Ly9nZW5lcmF0/ZWQtcGhvdG9zL3Yz/XzA0MjE1OTIuanBn.jpg
345	Nomi	Begwell	Aimbu	Web Developer II	4075650434	nbegwell3m@imageshack.us	309 Leroy Road	Orlando	FL	32868	9	https://images.generated.photos/Or81mvEYe5C7Uuq_-Ih4l9McvkQqhgwGiilF9JccU3M/rs:fit:512:512/Z3M6Ly9nZW5lcmF0/ZWQtcGhvdG9zL3Yz/XzA4NjU4NjQuanBn.jpg
359	Nonie	Purchon	Buzzshare	Senior Quality Engineer	7045894100	npurchon40@domainmarket.com	0406 Summit Place	Charlotte	NC	28215	6	https://images.generated.photos/xafFUT1C7I3l6TVoi0LRo62HhhCE9Mbj33iSAoPc07M/rs:fit:512:512/Z3M6Ly9nZW5lcmF0/ZWQtcGhvdG9zL3Yz/XzAzMzIwNDIuanBn.jpg
445	Georgianna	Perillo	Yodoo	Sales Representative	5025003543	gperillo6e@google.com.hk	7 Hintze Junction	Louisville	KY	40256	2	https://images.generated.photos/uc9mL4lqQDePD7ySozBUOcqqv-5jg_yu5l8FbbKFFZE/rs:fit:512:512/Z3M6Ly9nZW5lcmF0/ZWQtcGhvdG9zL3Yz/XzAxNjczMDMuanBn.jpg
468	Carline	Megainey	Roodel	Senior Developer	9161579553	cmegainey71@nifty.com	4950 Little Fleur Pass	Sacramento	CA	95852	3	https://images.generated.photos/61F1Fhj6hclNnI203pMLLk2v7yqwl_n7CY-B1Hnxqik/rs:fit:512:512/Z3M6Ly9nZW5lcmF0/ZWQtcGhvdG9zL3Yz/XzA5MzkwNDkuanBn.jpg
506	Twila	Yersin	Tanoodle	Data Coordiator	2537248898	tyersin83@weibo.com	48436 Linden Street	Tacoma	WA	98405	1	https://images.generated.photos/Lim-n6Vd29oOH_wSsUQw38bmNz9zJCzpYwGaDWmYmNI/rs:fit:512:512/Z3M6Ly9nZW5lcmF0/ZWQtcGhvdG9zL3Yz/XzAwNjE4MDAuanBn.jpg
346	Lucy	Gentil	Zoombox	Quality Control Specialist	3343049175	lgentil3n@sohu.com	9 Bowman Plaza	Montgomery	AL	36125	10	https://images.generated.photos/euI8Nc-CUDLsmFCX7ieBld2jFl39wbfc8D3dn766PrE/rs:fit:512:512/Z3M6Ly9nZW5lcmF0/ZWQtcGhvdG9zL3Yz/XzAxMTYyOTYuanBn.jpg
364	Starla	Spreag	Omba	Civil Engineer	3156302365	sspreag45@goo.gl	2054 Oxford Way	Syracuse	NY	13251	3	https://images.generated.photos/8UqudwDE_gF1XWj-jT0eYc-oiSknhCd9OW28k92RiS0/rs:fit:512:512/Z3M6Ly9nZW5lcmF0/ZWQtcGhvdG9zL3Yz/XzAxODgwNzQuanBn.jpg
381	Seline	Alexsandrov	Zoomdog	Assistant Professor	2093123778	salexsandrov4m@networksolutions.com	5038 Porter Junction	Stockton	CA	95219	6	https://images.generated.photos/vROsMjOFuLBwL3CsRpbQfDxuxO5L73YWQnsC4gSxYQw/rs:fit:512:512/Z3M6Ly9nZW5lcmF0/ZWQtcGhvdG9zL3Yz/XzA1MDEwMDMuanBn.jpg
407	Kara-lynn	Marjoribanks	Quinu	Product Engineer	2103587044	kmarjoribanks5c@vk.com	174 Glendale Junction	San Antonio	TX	78210	9	https://images.generated.photos/qqUHdQuW2tmYLIJtvmiWwe6RseN5BiZ1qbB6HxdNHIY/rs:fit:512:512/Z3M6Ly9nZW5lcmF0/ZWQtcGhvdG9zL3Yz/XzA0NTg0ODQuanBn.jpg
458	Dorine	Dolle	Meetz	Developer III	4059443096	ddolle6r@xrea.com	6 Pearson Drive	Oklahoma City	OK	73129	10	https://images.generated.photos/3B235q4A4AX6KbStGicoDcCA5K1F0eRngHPj0fm4RXQ/rs:fit:512:512/Z3M6Ly9nZW5lcmF0/ZWQtcGhvdG9zL3Yz/XzA0MTg3OTIuanBn.jpg
485	Eloisa	Arndt	Skyba	Payment Adjustment Coordinator	7022594424	earndt7i@bloomberg.com	9 Heffernan Parkway	Las Vegas	NV	89125	10	https://images.generated.photos/PHP4d1XYyFx4bQ0c9Stb1LFsdw1EOuWt_AMaQ7q1jB0/rs:fit:512:512/Z3M6Ly9nZW5lcmF0/ZWQtcGhvdG9zL3Yz/XzAxNDQxNzQuanBn.jpg
493	Drusie	Castrillo	Ailane	Database Administrator III	9182951002	dcastrillo7q@cam.ac.uk	8 Blue Bill Park Alley	Tulsa	OK	74184	2	https://images.generated.photos/JnuCRruzZDZrTc1665V9SvaNRvfcnX_xwrhLBY04Kxw/rs:fit:512:512/Z3M6Ly9nZW5lcmF0/ZWQtcGhvdG9zL3Yz/XzA1OTgxOTUuanBn.jpg
508	Emma	Adamson	Browseblab	Accounting Assistant II	5055063864	eadamson85@fema.gov	84 Graedel Pass	Albuquerque	NM	87180	7	https://images.generated.photos/vC0SmCaDydt5RHq88rJF0bnGHyWFWO2iDy-QBiVzQ4E/rs:fit:512:512/Z3M6Ly9nZW5lcmF0/ZWQtcGhvdG9zL3Yz/XzA0MzU3MzguanBn.jpg
353	Marget	Nicholl	Brightbean	Assistant Media Planner	2021325851	mnicholl3u@ca.gov	7307 Anthes Alley	Washington	DC	20057	7	https://images.generated.photos/Da893sjkQQVel3HbR8ejeAZtDgdU4nu5AxmQ2ghtg_s/rs:fit:512:512/Z3M6Ly9nZW5lcmF0/ZWQtcGhvdG9zL3Yz/XzA2NzA0ODguanBn.jpg
366	Stormie	Gingold	Fanoodle	Junior Executive	3476054576	sgingold47@imageshack.us	39 Butterfield Crossing	New York City	NY	10019	9	https://images.generated.photos/7aiFeayGTj2qZFfOB80Up76CAoAYwi5a_J5FcxQerfE/rs:fit:512:512/Z3M6Ly9nZW5lcmF0/ZWQtcGhvdG9zL3Yz/XzAzODA1MTUuanBn.jpg
385	Emmie	Russ	Eadel	Director of Sales	3615824007	eruss4q@google.pl	6 Autumn Leaf Crossing	Corpus Christi	TX	78405	1	https://images.generated.photos/rnhPWTHfuvJWFj4UqhmDLNa2wNKRasQ-GI_myvWDDks/rs:fit:512:512/Z3M6Ly9nZW5lcmF0/ZWQtcGhvdG9zL3Yz/XzA0MzA5NjMuanBn.jpg
393	Davina	Yukhnev	JumpXS	Electrical Engineer	9155769184	dyukhnev4y@twitter.com	85 Browning Center	El Paso	TX	79905	8	https://images.generated.photos/l9U31_ChBWYbfKNAhyJMnDSvjHN9jN3Q4P73ICPTnQw/rs:fit:512:512/Z3M6Ly9nZW5lcmF0/ZWQtcGhvdG9zL3Yz/XzAzNzY1OTUuanBn.jpg
477	Merrily	A'Barrow	Meejo	Media Manager III	2147535261	mabarrow7a@last.fm	293 Hayes Park	Dallas	TX	75216	10	https://images.generated.photos/rEZQIBl9ncc89mu8WBF8Zozv26FSBT3Tm32y3X3S-Og/rs:fit:512:512/Z3M6Ly9nZW5lcmF0/ZWQtcGhvdG9zL3Yz/XzA0MzY5OTguanBn.jpg
486	Devinne	Maypole	Feedfire	Civil Engineer	3037595231	dmaypole7j@cpanel.net	86 Monterey Circle	Boulder	CO	80310	6	https://images.generated.photos/uH3yLG_0jMrjXQKi5DSTIxBQ8iuBxXywpWQk_LLyDQM/rs:fit:512:512/Z3M6Ly9nZW5lcmF0/ZWQtcGhvdG9zL3Yz/XzA3Njg5MjMuanBn.jpg
498	Charline	Roughley	Vipe	Community Outreach Specialist	6161902755	croughley7v@sina.com.cn	0531 Kinsman Hill	Grand Rapids	MI	49510	2	https://images.generated.photos/YiPP8fkaqTc8FiCAlsDOXCLkW1gx2BSCAX0jFVfMILY/rs:fit:512:512/Z3M6Ly9nZW5lcmF0/ZWQtcGhvdG9zL3Yz/XzAyMTA3MzcuanBn.jpg
363	Phillie	Ewestace	Realcube	Executive Secretary	9045668287	pewestace44@t-online.de	8 Holmberg Parkway	Jacksonville	FL	32225	9	https://images.generated.photos/Uw1Xfg-l4gMGKXw50RvpaW6V0yOW2bRnqYbGWMCP0Io/rs:fit:512:512/Z3M6Ly9nZW5lcmF0/ZWQtcGhvdG9zL3Yz/XzA4Nzc4NDUuanBn.jpg
380	Catina	Turley	Livetube	Librarian	5747255327	cturley4l@phoca.cz	7986 Ridge Oak Place	South Bend	IN	46699	4	https://images.generated.photos/XE5d7aPLlpeUU1eH71qxm0aTBmeEwr0V5dBHoGXhvtQ/rs:fit:512:512/Z3M6Ly9nZW5lcmF0/ZWQtcGhvdG9zL3Yz/XzAwOTU5NTAuanBn.jpg
394	Noemi	Heskin	Bluezoom	VP Accounting	4078893814	nheskin4z@acquirethisname.com	5671 Bartillon Lane	Orlando	FL	32830	6	https://images.generated.photos/H3vNYYE6TqZmC_WicJJ4f1k4cCgXQ7cngRh4cNFz_Kk/rs:fit:512:512/Z3M6Ly9nZW5lcmF0/ZWQtcGhvdG9zL3Yz/XzA0MDE3MjguanBn.jpg
410	Van	Espinos	Kwilith	VP Quality Control	4104210631	vespinos5f@oaic.gov.au	57875 Spohn Avenue	Baltimore	MD	21229	8	https://images.generated.photos/EBr2jhXhhJljyNwPJ1nXO-ZQrcYvZc_sb-VW_7IAqhU/rs:fit:512:512/Z3M6Ly9nZW5lcmF0/ZWQtcGhvdG9zL3Yz/XzA4NjYxMjcuanBn.jpg
423	Ronni	Georgievski	Kwilith	Office Assistant III	3137963654	rgeorgievski5s@cornell.edu	6982 Sommers Crossing	Detroit	MI	48275	1	https://images.generated.photos/NOuiLmcDJUtJaNwhYARRep9ev7vmN80Uc5FqFQF4w2Q/rs:fit:512:512/Z3M6Ly9nZW5lcmF0/ZWQtcGhvdG9zL3Yz/XzA5MjU2MTYuanBn.jpg
505	Kirbee	Libbe	Voonyx	VP Sales	8025937591	klibbe82@live.com	456 Del Sol Avenue	Montpelier	VT	05609	4	https://images.generated.photos/VWWuzgX_KA1zLmvaPIAS2tQqmTvkaDqTW4h-JWGtEBQ/rs:fit:512:512/Z3M6Ly9nZW5lcmF0/ZWQtcGhvdG9zL3Yz/XzAwOTI5OTUuanBn.jpg
280	Davie	Cheine	Voomm	Assistant Professor	5176184592	dcheine1t@bloglovin.com	6776 Sherman Parkway	Lansing	MI	48930	5	https://images.generated.photos/OlF90rcvtZwTBUbdb-2HzSGhj_ippORwgmlnRJjVglE/rs:fit:512:512/Z3M6Ly9nZW5lcmF0/ZWQtcGhvdG9zL3Yz/XzAyMTkzMTEuanBn.jpg
\.


--
-- Data for Name: interactions; Type: TABLE DATA; Schema: public; Owner: -
--

COPY public.interactions ("interactionId", type, notes, "userId", "customerId", "timeCreated") FROM stdin;
1	by phone	talked to Will about his name	1	1	2020-05-05 16:00:22.84152-07
\.


--
-- Data for Name: ticketPriority; Type: TABLE DATA; Schema: public; Owner: -
--

COPY public."ticketPriority" ("priorityId", name, level) FROM stdin;
1	High	1
2	Medium	2
3	Low	3
\.


--
-- Data for Name: ticketStatus; Type: TABLE DATA; Schema: public; Owner: -
--

COPY public."ticketStatus" ("statusId", name) FROM stdin;
1	Created
2	In-Progress
3	Pending
4	Complete
\.


--
-- Data for Name: tickets; Type: TABLE DATA; Schema: public; Owner: -
--

COPY public.tickets ("ticketId", status, priority, description, details, "startDate", "dueDate", "ownerId", "assignedToId", "customerId") FROM stdin;
1	1	3	 Low on stock on propane	Call Jan about propane vendors	2020-05-04 16:58:40.520663-07	\N	1	1	1
2	1	3	Need quotes on propane accessories	Call Hank for more prices	2020-05-04 17:02:23.816835-07	\N	1	1	1
3	1	3	 Call Bill	Ask him why his name is so weird	2020-05-04 17:03:53.62954-07	\N	1	1	1
4	2	1	 Call Mom	She keeps texting me how run my biz wth	2020-05-04 17:05:24.140499-07	\N	1	1	1
5	1	1	 Kill Bill Vol. 1	Ask him if he wants to go watch a movie.	2020-05-04 17:06:07.963722-07	\N	1	1	1
6	1	1	Visit Bills shop	Check what supplies Bill needs	2020-05-04 17:06:53.867358-07	\N	1	1	1
7	1	1	Propane tank expiration dates	Check inventory for expired tanks. See if Will can take any expired	2020-05-04 17:08:46.46379-07	\N	1	1	1
8	1	2	BBQ Specials	Send email to Will regarding Julys Weber grill specials	2020-05-04 17:09:36.481726-07	\N	1	1	1
\.


--
-- Data for Name: users; Type: TABLE DATA; Schema: public; Owner: -
--

COPY public.users ("userId", "firstName", "lastName", "companyName", "jobTitle", "phoneNumber", email, "addressStreet", "addressCity", "addressState", "addressZip", password, "imagePath") FROM stdin;
2	Local	Host	LearningFuze	Server	9496797699	localhost@lfz.com	9200 Irvine Center Dr. #200	Irvine	CA	92618	$2b$10$cdjpFqZJG6TYcgdqqyyYQeoaxzum.osTU/IHfUywJj0Ix.op9vr/K	\N
1	Our	Guy	LearningFuze	Sales	9496797699	ourguy@lfz.com	9200 Irvine Center Dr. #200	Irvine	CA	92618	$2b$10$SP4ywQuH7GGNjWwO6U8s8OAtO5WMyi0zqT4rW8TRZYzk5Uv6MHOWy	\N
5	Tad	Ghostal	LearningFuze	Host	9496797699	spghost@lfz.com	9200 Irvine Center Dr. #200	Irvine	CA	92618	$2b$10$vZ3YgSOPQUUf7tbgHDiSN.UqhWf.phupgyWzEbDUIsOSxqAGkg6JK	\N
6	Outta	Ideas	LearningFuze	Sales	9496797699	email@lfz.com	9200 Irvine Center Dr. #200	Irvine	CA	92618	$2b$10$M0r7fmKAYK2CYU87/Z0LZ.COxnZBrSU/aLLVifZP0h6WuB9zoAL5e	\N
3	Ub	Untu	LearningFuze	Operator	9496797699	ubuntu@lfz.com	9200 Irvine Center Dr. #200	Irvine	CA	92618	$2b$10$mFICQuFYN2AxoZdcfTTwbuxB0pf1JKhzVc5XLtLIXztH5XeOH4Qha	\N
4	Magilla	Gorilla	LearningFuze	Gorilla	9496797699	mgorilla@lfz.com	9200 Irvine Center Dr. #200	Irvine	CA	92618	$2b$10$NOJWq8EwqTBWdXlN1PCWKOHFoZkT1kFwmGyeSbpZu4GlAoMeqP8Lm	\N
7	Grant	Kang	LearningFuze	Software Developer	9496797699	gkang@lfz.com	9200 Irvine Center Dr. #200	Irvine	CA	92618	$2b$10$cdjpFqZJG6TYcgdqqyyYQeoaxzum.osTU/IHfUywJj0Ix.op9vr/K	/images/users/grant.jpg
9	Eric	Lowry	LearningFuze	Software Developer	9496797699	elowry@lfz.com	9200 Irvine Center Dr. #200	Irvine	CA	92618	$2b$10$vZ3YgSOPQUUf7tbgHDiSN.UqhWf.phupgyWzEbDUIsOSxqAGkg6JK	/images/users/eric.jpg
10	Yizhou	Liu	LearningFuze	Software Developer	9496797699	yliu@lfz.com	9200 Irvine Center Dr. #200	Irvine	CA	92618	$2b$10$M0r7fmKAYK2CYU87/Z0LZ.COxnZBrSU/aLLVifZP0h6WuB9zoAL5e	/images/users/lewis.png
8	Kevin	Kim	LearningFuze	Software Developer	9496797699	kkim@lfz.com	9200 Irvine Center Dr. #200	Irvine	CA	92618	$2b$10$SP4ywQuH7GGNjWwO6U8s8OAtO5WMyi0zqT4rW8TRZYzk5Uv6MHOWy	/images/users/kevin.jpg
\.


--
-- Name: customers_customerId_seq; Type: SEQUENCE SET; Schema: public; Owner: -
--

SELECT pg_catalog.setval('public."customers_customerId_seq"', 514, true);


--
-- Name: interactions_interactionId_seq; Type: SEQUENCE SET; Schema: public; Owner: -
--

SELECT pg_catalog.setval('public."interactions_interactionId_seq"', 16, true);


--
-- Name: interactions_notes_seq; Type: SEQUENCE SET; Schema: public; Owner: -
--

SELECT pg_catalog.setval('public.interactions_notes_seq', 1, false);


--
-- Name: ticketPriority_priorityId_seq; Type: SEQUENCE SET; Schema: public; Owner: -
--

SELECT pg_catalog.setval('public."ticketPriority_priorityId_seq"', 3, true);


--
-- Name: ticketStatus_statusId_seq; Type: SEQUENCE SET; Schema: public; Owner: -
--

SELECT pg_catalog.setval('public."ticketStatus_statusId_seq"', 4, true);


--
-- Name: tickets_ticketId_seq; Type: SEQUENCE SET; Schema: public; Owner: -
--

SELECT pg_catalog.setval('public."tickets_ticketId_seq"', 8, true);


--
-- Name: users_userId_seq; Type: SEQUENCE SET; Schema: public; Owner: -
--

SELECT pg_catalog.setval('public."users_userId_seq"', 10, true);


--
-- Name: customers customers_pk; Type: CONSTRAINT; Schema: public; Owner: -
--

ALTER TABLE ONLY public.customers
    ADD CONSTRAINT customers_pk PRIMARY KEY ("customerId");


--
-- Name: users email_unique; Type: CONSTRAINT; Schema: public; Owner: -
--

ALTER TABLE ONLY public.users
    ADD CONSTRAINT email_unique UNIQUE (email);


--
-- Name: interactions interactions_pk; Type: CONSTRAINT; Schema: public; Owner: -
--

ALTER TABLE ONLY public.interactions
    ADD CONSTRAINT interactions_pk PRIMARY KEY ("interactionId");


--
-- Name: ticketPriority ticketPriority_pk; Type: CONSTRAINT; Schema: public; Owner: -
--

ALTER TABLE ONLY public."ticketPriority"
    ADD CONSTRAINT "ticketPriority_pk" PRIMARY KEY ("priorityId");


--
-- Name: ticketStatus ticketStatus_pk; Type: CONSTRAINT; Schema: public; Owner: -
--

ALTER TABLE ONLY public."ticketStatus"
    ADD CONSTRAINT "ticketStatus_pk" PRIMARY KEY ("statusId");


--
-- Name: tickets tickets_pk; Type: CONSTRAINT; Schema: public; Owner: -
--

ALTER TABLE ONLY public.tickets
    ADD CONSTRAINT tickets_pk PRIMARY KEY ("ticketId");


--
-- Name: users users_pk; Type: CONSTRAINT; Schema: public; Owner: -
--

ALTER TABLE ONLY public.users
    ADD CONSTRAINT users_pk PRIMARY KEY ("userId");


--
-- Name: customers customers_fk0; Type: FK CONSTRAINT; Schema: public; Owner: -
--

ALTER TABLE ONLY public.customers
    ADD CONSTRAINT customers_fk0 FOREIGN KEY ("repId") REFERENCES public.users("userId");


--
-- Name: interactions interactions_customerId_fkey; Type: FK CONSTRAINT; Schema: public; Owner: -
--

ALTER TABLE ONLY public.interactions
    ADD CONSTRAINT "interactions_customerId_fkey" FOREIGN KEY ("customerId") REFERENCES public.customers("customerId");


--
-- Name: interactions interactions_fk0; Type: FK CONSTRAINT; Schema: public; Owner: -
--

ALTER TABLE ONLY public.interactions
    ADD CONSTRAINT interactions_fk0 FOREIGN KEY ("userId") REFERENCES public.users("userId");


--
-- Name: tickets tickets_fk0; Type: FK CONSTRAINT; Schema: public; Owner: -
--

ALTER TABLE ONLY public.tickets
    ADD CONSTRAINT tickets_fk0 FOREIGN KEY (status) REFERENCES public."ticketStatus"("statusId");


--
-- Name: tickets tickets_fk1; Type: FK CONSTRAINT; Schema: public; Owner: -
--

ALTER TABLE ONLY public.tickets
    ADD CONSTRAINT tickets_fk1 FOREIGN KEY (priority) REFERENCES public."ticketPriority"("priorityId");


--
-- Name: tickets tickets_fk2; Type: FK CONSTRAINT; Schema: public; Owner: -
--

ALTER TABLE ONLY public.tickets
    ADD CONSTRAINT tickets_fk2 FOREIGN KEY ("ownerId") REFERENCES public.users("userId");


--
-- Name: tickets tickets_fk3; Type: FK CONSTRAINT; Schema: public; Owner: -
--

ALTER TABLE ONLY public.tickets
    ADD CONSTRAINT tickets_fk3 FOREIGN KEY ("assignedToId") REFERENCES public.users("userId");


--
-- Name: tickets tickets_fk4; Type: FK CONSTRAINT; Schema: public; Owner: -
--

ALTER TABLE ONLY public.tickets
    ADD CONSTRAINT tickets_fk4 FOREIGN KEY ("customerId") REFERENCES public.customers("customerId");


--
-- Name: tickets tickets_fk5; Type: FK CONSTRAINT; Schema: public; Owner: -
--

ALTER TABLE ONLY public.tickets
    ADD CONSTRAINT tickets_fk5 FOREIGN KEY ("ownerId") REFERENCES public.users("userId");


--
-- Name: tickets tickets_fk6; Type: FK CONSTRAINT; Schema: public; Owner: -
--

ALTER TABLE ONLY public.tickets
    ADD CONSTRAINT tickets_fk6 FOREIGN KEY ("assignedToId") REFERENCES public.users("userId");


--
-- Name: tickets tickets_fk7; Type: FK CONSTRAINT; Schema: public; Owner: -
--

ALTER TABLE ONLY public.tickets
    ADD CONSTRAINT tickets_fk7 FOREIGN KEY ("customerId") REFERENCES public.customers("customerId");


--
-- Name: SCHEMA public; Type: ACL; Schema: -; Owner: -
--

GRANT ALL ON SCHEMA public TO PUBLIC;


--
-- PostgreSQL database dump complete
--

